date,ticker,close,return,outlier_z,return_winsorized
2025-08-22,GLD,310.5799865722656,0.01070642694476942,False,0.01070642694476942
2025-08-25,GLD,309.8299865722656,-0.0024148368614391735,False,-0.0024148368614391735
2025-08-26,GLD,312.0799865722656,0.007262047243691283,False,0.007262047243691283
2025-08-27,GLD,312.7099914550781,0.0020187288833615202,False,0.0020187288833615202
2025-08-28,GLD,315.0299987792969,0.007419038046796889,False,0.007419038046796889
2025-08-29,GLD,318.07000732421875,0.00964990177666114,False,0.00964990177666114
2025-09-02,GLD,325.5899963378906,0.023642559312442524,False,0.023642559312442524
2025-09-03,GLD,328.1400146484375,0.007831992196408066,False,0.007831992196408066
2025-09-04,GLD,326.69000244140625,-0.004418882618094533,False,-0.004418882618094533
2025-09-05,GLD,331.04998779296875,0.01334594055214322,False,0.01334594055214322
2025-09-08,GLD,334.82000732421875,0.011388067271604019,False,0.011388067271604019
2025-09-09,GLD,334.05999755859375,-0.002269905468609168,False,-0.002269905468609168
2025-09-10,GLD,335.260009765625,0.0035922056391106683,False,0.0035922056391106683
2025-09-11,GLD,334.760009765625,-0.0014913797811720864,False,-0.0014913797811720864
2025-09-12,GLD,335.4200134277344,0.0019715725978484144,False,0.0019715725978484144
2025-09-15,GLD,338.9100036621094,0.01040483601055886,False,0.01040483601055886
2025-09-16,GLD,339.5899963378906,0.0020064107533963593,False,0.0020064107533963593
2025-09-17,GLD,336.9700012207031,-0.007715171664187115,False,-0.007715171664187115
2025-09-18,GLD,335.6199951171875,-0.0040063094596702875,False,-0.0040063094596702875
2025-09-19,GLD,339.17999267578125,0.010607227252210416,False,0.010607227252210416
2025-09-22,GLD,345.04998779296875,0.01730643093326134,False,0.01730643093326134
2025-09-23,GLD,346.4599914550781,0.004086375052867464,False,0.004086375052867464
2025-09-24,GLD,343.32000732421875,-0.009063049726670935,False,-0.009063049726670935
2025-09-25,GLD,344.75,0.004165188877066628,False,0.004165188877066628
2025-09-26,GLD,346.739990234375,0.00577227044053652,False,0.00577227044053652
2025-09-29,GLD,352.4599914550781,0.016496514338703028,False,0.016496514338703028
2025-09-30,GLD,355.4700012207031,0.008540004081594166,False,0.008540004081594166
2025-10-01,GLD,356.0299987792969,0.0015753722020723782,False,0.0015753722020723782
2025-10-02,GLD,354.7900085449219,-0.003482825151325697,False,-0.003482825151325697
2025-10-03,GLD,357.6400146484375,0.008032937892485048,False,0.008032937892485048
2025-10-06,GLD,364.3800048828125,0.01884573861512795,False,0.01884573861512795
2025-10-07,GLD,366.260009765625,0.005159462258136571,False,0.005159462258136571
2025-10-08,GLD,372.2999877929687,0.016490956878444818,False,0.016490956878444818
2025-10-09,GLD,365.4299926757813,-0.018452848086064733,False,-0.018452848086064733
2025-10-10,GLD,369.1199951171875,0.01009770001194199,False,0.01009770001194199
2025-10-13,GLD,378.0899963378906,0.02430104394061705,False,0.02430104394061705
2025-10-14,GLD,380.7900085449219,0.007141189222626965,False,0.007141189222626965
2025-10-15,GLD,387.3900146484375,0.017332403569977117,False,0.017332403569977117
2025-10-16,GLD,396.4500122070313,0.02338727694573106,False,0.02338727694573106
2025-10-17,GLD,388.989990234375,-0.01881705572696668,False,-0.01881705572696668
2025-10-20,GLD,403.1499938964844,0.03640197438905224,False,0.02719459040581846
2025-10-21,GLD,377.239990234375,-0.06426889260666147,True,-0.03040247211056543
2025-10-22,GLD,377.2799987792969,0.00010605594835544352,False,0.00010605594835544352
2025-10-23,GLD,378.7900085449219,0.004002358382396931,False,0.004002358382396931
2025-10-24,GLD,377.5199890136719,-0.0033528327110016187,False,-0.0033528327110016187
2025-10-27,GLD,367.010009765625,-0.027839530498784404,False,-0.027839530498784404
2025-10-28,GLD,364.3800048828125,-0.007166030388359279,False,-0.007166030388359279
2025-10-29,GLD,363.0,-0.0037872684129753864,False,-0.0037872684129753864
2025-10-30,GLD,370.1300048828125,0.01964188672951095,False,0.01964188672951095
2025-10-31,GLD,368.1199951171875,-0.005430550723012573,False,-0.005430550723012573
2025-11-03,GLD,368.7799987792969,0.0017929035935666526,False,0.0017929035935666526
2025-11-04,GLD,362.3200073242187,-0.017517195825319964,False,-0.017517195825319964
2025-11-05,GLD,366.510009765625,0.011564369498527016,False,0.011564369498527016
2025-11-06,GLD,366.0700073242187,-0.0012005195756800147,False,-0.0012005195756800147
2025-11-07,GLD,368.30999755859375,0.006119021470095909,False,0.006119021470095909
2025-11-10,GLD,378.3800048828125,0.02734111859838051,False,0.02719459040581846
2025-11-11,GLD,379.8699951171875,0.003937814406542062,False,0.003937814406542062
2025-11-12,GLD,385.989990234375,0.016110762091908537,False,0.016110762091908537
2025-11-13,GLD,382.8699951171875,-0.008083098515826892,False,-0.008083098515826892
2025-11-14,GLD,375.9599914550781,-0.018047911171504505,False,-0.018047911171504505
2025-11-17,GLD,371.6499938964844,-0.011463979297139493,False,-0.011463979297139493
2025-11-18,GLD,374.3500061035156,0.007264932736103624,False,0.007264932736103624
2025-11-19,GLD,374.9599914550781,0.0016294519610446923,False,0.0016294519610446923
2025-11-20,GLD,374.8500061035156,-0.0002933255655774847,False,-0.0002933255655774847
2025-11-21,GLD,374.2699890136719,-0.0015473311468576778,False,-0.0015473311468576778
2025-11-24,GLD,380.2000122070313,0.01584423909859045,False,0.01584423909859045
2025-11-25,GLD,380.0799865722656,-0.0003156907704157108,False,-0.0003156907704157108
2025-11-26,GLD,383.1199951171875,0.007998338908444147,False,0.007998338908444147
2025-11-28,GLD,387.8800048828125,0.012424331348639184,False,0.012424331348639184
2025-12-01,GLD,389.75,0.004821066034977672,False,0.004821066034977672
2025-12-02,GLD,387.239990234375,-0.006440050713598433,False,-0.006440050713598433
2025-12-03,GLD,386.8800048828125,-0.0009296182229129313,False,-0.0009296182229129313
2025-12-04,GLD,387.1300048828125,0.0006461951944911615,False,0.0006461951944911615
2025-12-05,GLD,386.44000244140625,-0.0017823532991587676,False,-0.0017823532991587676
2025-12-08,GLD,385.4200134277344,-0.002639449868615862,False,-0.002639449868615862
2025-12-09,GLD,387.3999938964844,0.005137202012788666,False,0.005137202012788666
2025-12-10,GLD,389.0499877929687,0.004259147967165866,False,0.004259147967165866
2025-12-11,GLD,393.239990234375,0.010769830543307934,False,0.010769830543307934
2025-12-12,GLD,395.44000244140625,0.005594579039939429,False,0.005594579039939429
2025-12-15,GLD,395.7999877929687,0.0009103412637565533,False,0.0009103412637565533
2025-12-16,GLD,395.8900146484375,0.00022745542760316262,False,0.00022745542760316262
2025-12-17,GLD,399.2900085449219,0.008588228474273762,False,0.008588228474273762
2025-12-18,GLD,398.5700073242187,-0.0018032036998044676,False,-0.0018032036998044676
2025-12-19,GLD,399.0199890136719,0.0011289903434383852,False,0.0011289903434383852
2025-12-22,GLD,408.2300109863281,0.02308160549906857,False,0.02308160549906857
2025-12-23,GLD,413.6400146484375,0.013252341857567629,False,0.013252341857567629
2025-12-24,GLD,411.9299926757813,-0.004134082564786645,False,-0.004134082564786645
2025-12-26,GLD,416.739990234375,0.011676735474757116,False,0.011676735474757116
2025-12-29,GLD,398.6000061035156,-0.0435283019531133,False,-0.03040247211056543
2025-12-30,GLD,398.8900146484375,0.0007275678386380324,False,0.0007275678386380324
2025-12-31,GLD,396.30999755859375,-0.006467991163222386,False,-0.006467991163222386
2026-01-02,GLD,398.2799987792969,0.004970859258759619,False,0.004970859258759619
2026-01-05,GLD,408.760009765625,0.026313174195160993,False,0.026313174195160993
2026-01-06,GLD,413.1799926757813,0.010813149047262716,False,0.010813149047262716
2026-01-07,GLD,409.2300109863281,-0.009559953917112063,False,-0.009559953917112063
2026-01-08,GLD,411.489990234375,0.005522515913727544,False,0.005522515913727544
2026-01-09,GLD,414.4700012207031,0.007242001159325273,False,0.007242001159325273
2026-01-12,GLD,422.2300109863281,0.018722729613168898,False,0.018722729613168898
2026-01-13,GLD,421.6300048828125,-0.0014210408732292512,False,-0.0014210408732292512
2026-01-14,GLD,425.94000244140625,0.010222226854541994,False,0.010222226854541994
2026-01-15,GLD,423.3299865722656,-0.006127660830587689,False,-0.006127660830587689
2026-01-16,GLD,421.2900085449219,-0.004818883830700504,False,-0.004818883830700504
2026-01-20,GLD,437.2300109863281,0.03783617488689295,False,0.02719459040581846
2026-01-21,GLD,443.6000061035156,0.014568979615140476,False,0.014568979615140476
2026-01-22,GLD,451.7900085449219,0.01846258414950319,False,0.01846258414950319
2026-01-23,GLD,458.0,0.013745304981574558,False,0.013745304981574558
2026-01-26,GLD,464.7000122070313,0.014628847613605389,False,0.014628847613605389
2026-01-27,GLD,476.1000061035156,0.02453194232197564,False,0.02453194232197564
2026-01-28,GLD,494.55999755859375,0.038773348494905324,False,0.02719459040581846
2026-01-29,GLD,495.8999938964844,0.0027094717415592218,False,0.0027094717415592218
2026-01-30,GLD,444.9500122070313,-0.10274245274560034,True,-0.03040247211056543
2026-02-02,GLD,427.1300048828125,-0.04004945911975233,False,-0.03040247211056543
2026-02-03,GLD,454.2900085449219,0.06358720612372104,True,0.02719459040581846
2026-02-04,GLD,453.9700012207031,-0.0007044119795716064,False,-0.0007044119795716064
2026-02-05,GLD,441.8800048828125,-0.026631707613677613,False,-0.026631707613677613
2026-02-06,GLD,455.4599914550781,0.03073229479090611,False,0.02719459040581846
2026-02-09,GLD,467.0299987792969,0.02540290594406658,False,0.02540290594406658
2026-02-10,GLD,462.3999938964844,-0.009913720520981939,False,-0.009913720520981939
2026-02-11,GLD,467.6300048828125,0.011310577541873812,False,0.011310577541873812
2026-02-12,GLD,451.3900146484375,-0.03472828959819363,False,-0.03040247211056543
2026-02-13,GLD,462.6199951171875,0.024878663914389865,False,0.024878663914389865
2026-02-17,GLD,448.2000122070313,-0.03117025433910059,False,-0.03040247211056543
2026-02-18,GLD,458.2799987792969,0.022489929267582198,False,0.022489929267582198
2026-02-19,GLD,459.55999755859375,0.0027930496262249527,False,0.0027930496262249527
2026-02-20,GLD,468.6199951171875,0.019714504323102178,False,0.019714504323102178
2026-02-23,GLD,481.2799987792969,0.027015500392687075,False,0.027015500392687075
2026-02-24,GLD,474.6099853515625,-0.01385890426498504,False,-0.01385890426498504
2026-02-25,GLD,473.4200134277344,-0.0025072627221415233,False,-0.0025072627221415233
2026-02-26,GLD,477.4800109863281,0.008575889154321725,False,0.008575889154321725
2026-02-27,GLD,483.75,0.01313141674919538,False,0.01313141674919538
2026-03-02,GLD,490.0,0.012919896640826822,False,0.012919896640826822
2026-03-03,GLD,468.1400146484375,-0.04461221500318879,False,-0.03040247211056543
2026-03-04,GLD,471.7999877929687,0.007818116439543665,False,0.007818116439543665
2026-03-05,GLD,466.1300048828125,-0.012017768242597482,False,-0.012017768242597482
2026-03-06,GLD,473.510009765625,0.01583250339069653,False,0.01583250339069653
2026-03-09,GLD,472.5299987792969,-0.0020696732193965506,False,-0.0020696732193965506
2026-03-10,GLD,477.8599853515625,0.01127967872100144,False,0.01127967872100144
2026-03-11,GLD,476.239990234375,-0.003390104145245987,False,-0.003390104145245987
2026-03-12,GLD,466.8800048828125,-0.019653925633074443,False,-0.019653925633074443
2026-03-13,GLD,460.8399963378906,-0.012936961278600778,False,-0.012936961278600778
2026-03-16,GLD,460.4299926757813,-0.0008896876689684641,False,-0.0008896876689684641
2026-03-17,GLD,459.2699890136719,-0.00251939204778584,False,-0.00251939204778584
2026-03-18,GLD,444.739990234375,-0.03163716142328721,False,-0.03040247211056543
2026-03-19,GLD,426.4100036621094,-0.041215062676522196,False,-0.03040247211056543
2026-03-20,GLD,413.3800048828125,-0.0305574415876555,False,-0.03040247211056543
2026-03-23,GLD,404.0400085449219,-0.02259421410703788,False,-0.02259421410703788
2026-03-24,GLD,404.1300048828125,0.00022274115430986896,False,0.00022274115430986896
2026-03-25,GLD,416.2900085449219,0.030089336389747867,False,0.02719459040581846
2026-03-26,GLD,400.6400146484375,-0.0375939695290467,False,-0.03040247211056543
2026-03-27,GLD,414.7000122070313,0.03509384246336822,False,0.02719459040581846
2026-03-30,GLD,414.5799865722656,-0.00028942761329309175,False,-0.00028942761329309175
2026-03-31,GLD,430.2900085449219,0.037893826237359374,False,0.02719459040581846
2026-04-01,GLD,437.8200073242187,0.017499822514495333,False,0.017499822514495333
2026-04-02,GLD,429.4100036621094,-0.019208815315471583,False,-0.019208815315471583
2026-04-06,GLD,427.6499938964844,-0.004098669687746526,False,-0.004098669687746526
2026-04-07,GLD,431.80999755859375,0.009727589667910319,False,0.009727589667910319
2026-04-08,GLD,434.5299987792969,0.00629906958171822,False,0.00629906958171822
2026-04-09,GLD,437.9100036621094,0.007778530578574028,False,0.007778530578574028
2026-04-10,GLD,437.1300048828125,-0.0017811851128632927,False,-0.0017811851128632927
2026-04-13,GLD,435.3599853515625,-0.004049183335572026,False,-0.004049183335572026
2026-04-14,GLD,445.0899963378906,0.022349346089928224,False,0.022349346089928224
2026-04-15,GLD,440.4599914550781,-0.010402401583740839,False,-0.010402401583740839
2026-04-16,GLD,440.0799865722656,-0.0008627455164704756,False,-0.0008627455164704756
2026-04-17,GLD,445.9299926757813,0.013293051904224695,False,0.013293051904224695
2026-04-20,GLD,442.0899963378906,-0.008611208936292858,False,-0.008611208936292858
2026-04-21,GLD,429.5700073242187,-0.02832000071791463,False,-0.02832000071791463
2026-04-22,GLD,435.260009765625,0.013245809401008168,False,0.013245809401008168
2026-04-23,GLD,431.0400085449219,-0.00969535708776803,False,-0.00969535708776803
2026-04-24,GLD,433.25,0.005127114447075254,False,0.005127114447075254
2026-04-27,GLD,429.8900146484375,-0.007755303754327758,False,-0.007755303754327758
2026-04-28,GLD,421.9100036621094,-0.0185629131043068,False,-0.0185629131043068
2026-04-29,GLD,417.4100036621094,-0.010665781709228828,False,-0.010665781709228828
2026-04-30,GLD,423.6600036621094,0.014973287523456946,False,0.014973287523456946
2026-05-01,GLD,423.1799926757813,-0.0011330099187528697,False,-0.0011330099187528697
2026-05-04,GLD,414.7099914550781,-0.02001512681908013,False,-0.02001512681908013
2026-05-05,GLD,418.2699890136719,0.008584306218673232,False,0.008584306218673232
2026-05-06,GLD,430.9599914550781,0.030339261182306565,False,0.02719459040581846
2026-05-07,GLD,431.6799926757813,0.001670691560653248,False,0.001670691560653248
2026-05-08,GLD,433.7699890136719,0.004841540894530816,False,0.004841540894530816
2026-05-11,GLD,434.6499938964844,0.0020287362083613036,False,0.0020287362083613036
2026-05-12,GLD,432.9299926757813,-0.003957209812161411,False,-0.003957209812161411
2026-05-13,GLD,430.5,-0.005612899814961825,False,-0.005612899814961825
2026-05-14,GLD,427.2099914550781,-0.007642296271595517,False,-0.007642296271595517
2026-05-15,GLD,417.2900085449219,-0.02322039069444226,False,-0.02322039069444226
2026-05-18,GLD,418.4299926757813,0.00273187497307803,False,0.00273187497307803
2026-05-19,GLD,411.5,-0.016561892782745558,False,-0.016561892782745558
2026-05-20,GLD,417.3999938964844,0.014337773746013083,False,0.014337773746013083
2026-05-21,GLD,416.989990234375,-0.0009822799906678004,False,-0.0009822799906678004
2026-05-22,GLD,413.8200073242187,-0.007602059964016306,False,-0.007602059964016306
2026-05-26,GLD,414.0,0.0004349540200947466,False,0.0004349540200947466
2026-05-27,GLD,408.489990234375,-0.013309202332427494,False,-0.013309202332427494
2026-05-28,GLD,412.7699890136719,0.010477609933210896,False,0.010477609933210896
2026-05-29,GLD,417.1199951171875,0.010538571648365469,False,0.010538571648365469
2026-06-01,GLD,411.260009765625,-0.014048680044494555,False,-0.014048680044494555
2026-06-02,GLD,411.9500122070313,0.001677776649860796,False,0.001677776649860796
2026-06-03,GLD,407.8699951171875,-0.009904155768766798,False,-0.009904155768766798
2026-06-04,GLD,411.2699890136719,0.008335974543818736,False,0.008335974543818736
2026-06-05,GLD,396.239990234375,-0.036545333189379026,False,-0.03040247211056543
2026-06-08,GLD,397.2699890136719,0.002599431669397134,False,0.002599431669397134
2026-06-09,GLD,390.7799987792969,-0.01633647245916592,False,-0.01633647245916592
2026-06-10,GLD,374.5799865722656,-0.04145558180468856,False,-0.03040247211056543
2026-06-11,GLD,386.3200073242187,0.0313418259725633,False,0.02719459040581846
2026-06-12,GLD,386.5400085449219,0.0005694792310317887,False,0.0005694792310317887
2026-06-15,GLD,396.5499877929687,0.02589636008372853,False,0.02589636008372853
2026-06-16,GLD,397.6300048828125,0.002723533282284807,False,0.002723533282284807
2026-06-17,GLD,388.6000061035156,-0.02270955075927472,False,-0.02270955075927472
2026-06-18,GLD,387.1199951171875,-0.003808571701190089,False,-0.003808571701190089
2026-06-22,GLD,384.5899963378906,-0.0065354381359996605,False,-0.0065354381359996605
2026-06-23,GLD,377.3200073242187,-0.018903219228002754,False,-0.018903219228002754
2026-06-24,GLD,365.9200134277344,-0.030213064971899795,False,-0.030213064971899795
2026-06-25,GLD,369.4599914550781,0.009674185334065832,False,0.009674185334065832
2026-06-26,GLD,373.6300048828125,0.011286779419095394,False,0.011286779419095394
2026-06-29,GLD,368.5799865722656,-0.013516094115971211,False,-0.013516094115971211
2026-06-30,GLD,368.3800048828125,-0.0005425733809176769,False,-0.0005425733809176769
2026-07-01,GLD,370.6000061035156,0.006026389031102086,False,0.006026389031102086
2026-07-02,GLD,378.1300048828125,0.020318398961908235,False,0.020318398961908235
2026-07-06,GLD,382.1300048828125,0.01057837238078907,False,0.01057837238078907
2026-07-07,GLD,377.489990234375,-0.012142502784779907,False,-0.012142502784779907
2026-07-08,GLD,374.4500122070313,-0.008053135463158223,False,-0.008053135463158223
2026-07-09,GLD,378.1799926757813,0.009961224054354512,False,0.009961224054354512
2026-07-10,GLD,377.010009765625,-0.003093719744077905,False,-0.003093719744077905
2026-07-13,GLD,367.1300048828125,-0.02620621369961662,False,-0.02620621369961662
2026-07-14,GLD,372.1499938964844,0.013673600487310367,False,0.013673600487310367
2026-07-15,GLD,372.3500061035156,0.0005374505181017231,False,0.0005374505181017231
2026-07-16,GLD,364.9599914550781,-0.01984695723728025,False,-0.01984695723728025
2026-07-17,GLD,368.4100036621094,0.009453124418586922,False,0.009453124418586922
2026-07-20,GLD,367.6000061035156,-0.0021986307389650905,False,-0.0021986307389650905
2026-07-21,GLD,374.80999755859375,0.019613686984128575,False,0.019613686984128575
2026-07-22,GLD,379.1199951171875,0.011499153135369422,False,0.011499153135369422
2026-07-23,GLD,371.5199890136719,-0.020046439653404247,False,-0.020046439653404247
2026-07-24,GLD,371.8999938964844,0.0010228383237773642,False,0.0010228383237773642
2026-07-27,GLD,374.6300048828125,0.007340712640850455,False,0.007340712640850455
2026-07-28,GLD,369.3699951171875,-0.01404054586409964,False,-0.01404054586409964
2026-07-29,GLD,371.0799865722656,0.004629481218515252,False,0.004629481218515252
2026-07-30,GLD,377.1600036621094,0.016384653740035837,False,0.016384653740035837
2026-07-31,GLD,371.5400085449219,-0.014900824749758845,False,-0.014900824749758845
2026-08-03,GLD,371.7099914550781,0.00045750903333918735,False,0.00045750903333918735
2026-08-04,GLD,374.1600036621094,0.00659119276681408,False,0.00659119276681408
2026-08-05,GLD,389.6400146484375,0.04137270374924307,False,0.02719459040581846
2026-08-06,GLD,389.6700134277344,7.699101265035146e-05,False,7.699101265035146e-05
2026-08-07,GLD,398.4700012207031,0.022583179330530445,False,0.022583179330530445
2026-08-10,GLD,402.5400085449219,0.01021408716277361,False,0.01021408716277361
2026-08-11,GLD,400.9599914550781,-0.003925118140567174,False,-0.003925118140567174
2026-08-12,GLD,404.9200134277344,0.009876351898066904,False,0.009876351898066904
2026-08-13,GLD,398.9599914550781,-0.014719010607066263,False,-0.014719010607066263
2026-08-14,GLD,401.4800109863281,0.006316471789712619,False,0.006316471789712619
2026-08-17,GLD,405.489990234375,0.009987992274373525,False,0.009987992274373525
2026-08-18,GLD,398.5499877929687,-0.017115101749848316,False,-0.017115101749848316
2026-08-19,GLD,413.8399963378906,0.038364092367917824,False,0.02719459040581846
2026-08-20,GLD,415.2699890136719,0.0034554240489932386,False,0.0034554240489932386
2025-08-22,IWM,234.8300018310547,0.039208747012830614,True,0.020804303458662226
2025-08-25,IWM,232.36000061035156,-0.01051825235891335,False,-0.01051825235891335
2025-08-26,IWM,234.27999877929688,0.008263032208219778,False,0.008263032208219778
2025-08-27,IWM,235.94000244140625,0.007085554339929745,False,0.007085554339929745
2025-08-28,IWM,236.22000122070312,0.0011867372060674342,False,0.0011867372060674342
2025-08-29,IWM,235.1699981689453,-0.004445021786181336,False,-0.004445021786181336
2025-09-02,IWM,233.8999938964844,-0.005400366893520747,False,-0.005400366893520747
2025-09-03,IWM,233.6699981689453,-0.000983307967254099,False,-0.000983307967254099
2025-09-04,IWM,236.58999633789065,0.012496247664769422,False,0.012496247664769422
2025-09-05,IWM,237.77000427246097,0.004987564786488541,False,0.004987564786488541
2025-09-08,IWM,238.25,0.002018739617756893,False,0.002018739617756893
2025-09-09,IWM,236.8500061035156,-0.0058761548645724915,False,-0.0058761548645724915
2025-09-10,IWM,236.42999267578125,-0.0017733308714832363,False,-0.0017733308714832363
2025-09-11,IWM,240.8000030517578,0.01848331646302248,False,0.01848331646302248
2025-09-12,IWM,238.33999633789065,-0.010215974595890742,False,-0.010215974595890742
2025-09-15,IWM,239.3500061035156,0.004237684740890257,False,0.004237684740890257
2025-09-16,IWM,238.27999877929688,-0.0044704712635601496,False,-0.0044704712635601496
2025-09-17,IWM,238.88999938964844,0.0025600160041823194,False,0.0025600160041823194
2025-09-18,IWM,244.83999633789065,0.024906848187216557,False,0.020804303458662226
2025-09-19,IWM,242.97999572753903,-0.007596800515324076,False,-0.007596800515324076
2025-09-22,IWM,244.38999938964844,0.005802961918274452,False,0.005802961918274452
2025-09-23,IWM,243.83999633789065,-0.0022505137408707077,False,-0.0022505137408707077
2025-09-24,IWM,241.6000061035156,-0.00918631179468643,False,-0.00918631179468643
2025-09-25,IWM,239.2899932861328,-0.009561311088680302,False,-0.009561311088680302
2025-09-26,IWM,241.33999633789065,0.008567023733861534,False,0.008567023733861534
2025-09-29,IWM,241.6199951171875,0.0011601839046389006,False,0.0011601839046389006
2025-09-30,IWM,241.9600067138672,0.001407216304738279,False,0.001407216304738279
2025-10-01,IWM,242.4900054931641,0.0021904395957619283,False,0.0021904395957619283
2025-10-02,IWM,244.02000427246097,0.006309533360705943,False,0.006309533360705943
2025-10-03,IWM,245.8300018310547,0.0074174146664334195,False,0.0074174146664334195
2025-10-06,IWM,246.80999755859375,0.003986477322700965,False,0.003986477322700965
2025-10-07,IWM,244.16000366210935,-0.010736979549846981,False,-0.010736979549846981
2025-10-08,IWM,246.72000122070312,0.010484917759652879,False,0.010484917759652879
2025-10-09,IWM,245.1300048828125,-0.006444537654117011,False,-0.006444537654117011
2025-10-10,IWM,237.7899932861328,-0.029943342106114934,False,-0.018253446468188623
2025-10-13,IWM,244.41000366210935,0.027839734904280267,False,0.020804303458662226
2025-10-14,IWM,247.8999938964844,0.014279244638447208,False,0.014279244638447208
2025-10-15,IWM,250.3300018310547,0.009802371901570073,False,0.009802371901570073
2025-10-16,IWM,245.05999755859375,-0.021052227994699635,False,-0.018253446468188623
2025-10-17,IWM,243.41000366210935,-0.006733020129447653,False,-0.006733020129447653
2025-10-20,IWM,248.16000366210935,0.01951439927914267,False,0.01951439927914267
2025-10-21,IWM,246.9900054931641,-0.0047146927453237675,False,-0.0047146927453237675
2025-10-22,IWM,243.33999633789065,-0.014777962970548009,False,-0.014777962970548009
2025-10-23,IWM,246.4199981689453,0.01265719518947428,False,0.01265719518947428
2025-10-24,IWM,249.42999267578125,0.012214895419211391,False,0.012214895419211391
2025-10-27,IWM,250.3000030517578,0.003487994232944658,False,0.003487994232944658
2025-10-28,IWM,248.9600067138672,-0.005353561012995778,False,-0.005353561012995778
2025-10-29,IWM,246.83999633789065,-0.008515465612165873,False,-0.008515465612165873
2025-10-30,IWM,244.8500061035156,-0.008061863003964054,False,-0.008061863003964054
2025-10-31,IWM,246.22999572753903,0.005636061219618682,False,0.005636061219618682
2025-11-03,IWM,245.44000244140625,-0.00320835519571272,False,-0.00320835519571272
2025-11-04,IWM,241.1999969482422,-0.017275119992619326,False,-0.017275119992619326
2025-11-05,IWM,244.67999267578125,0.01442784316571033,False,0.01442784316571033
2025-11-06,IWM,240.3500061035156,-0.017696528943431877,False,-0.017696528943431877
2025-11-07,IWM,241.61000061035156,0.005242331911126774,False,0.005242331911126774
2025-11-10,IWM,244.02999877929688,0.010016134112130981,False,0.010016134112130981
2025-11-11,IWM,244.2400054931641,0.0008605774491567963,False,0.0008605774491567963
2025-11-12,IWM,243.63999938964844,-0.0024566250000860324,False,-0.0024566250000860324
2025-11-13,IWM,236.7899932861328,-0.02811527713296602,False,-0.018253446468188623
2025-11-14,IWM,237.47999572753903,0.002913984800753111,False,0.002913984800753111
2025-11-17,IWM,232.7599945068359,-0.019875363422687586,False,-0.018253446468188623
2025-11-18,IWM,233.47000122070312,0.003050381210789821,False,0.003050381210789821
2025-11-19,IWM,233.42999267578125,-0.00017136482080215565,False,-0.00017136482080215565
2025-11-20,IWM,229.11000061035156,-0.018506585275996912,False,-0.018253446468188623
2025-11-21,IWM,235.6000061035156,0.02832702839629264,False,0.020804303458662226
2025-11-24,IWM,239.8999938964844,0.018251221059304656,False,0.018251221059304656
2025-11-25,IWM,245.1300048828125,0.021800796662732713,False,0.020804303458662226
2025-11-26,IWM,247.3000030517578,0.00885243799502522,False,0.00885243799502522
2025-11-28,IWM,248.75,0.005863311485437839,False,0.005863311485437839
2025-12-01,IWM,245.6199951171875,-0.012582934202261309,False,-0.012582934202261309
2025-12-02,IWM,245.1699981689453,-0.0018320859750342589,False,-0.0018320859750342589
2025-12-03,IWM,249.6300048828125,0.018191486508042587,False,0.018191486508042587
2025-12-04,IWM,251.82000732421875,0.008772993624842185,False,0.008772993624842185
2025-12-05,IWM,250.77000427246097,-0.004169656982043968,False,-0.004169656982043968
2025-12-08,IWM,250.8699951171875,0.0003987352674679201,False,0.0003987352674679201
2025-12-09,IWM,251.38999938964844,0.002072803773197407,False,0.002072803773197407
2025-12-10,IWM,254.80999755859375,0.013604352509044793,False,0.013604352509044793
2025-12-11,IWM,257.79998779296875,0.01173419513764351,False,0.01173419513764351
2025-12-12,IWM,253.8500061035156,-0.015321884703211275,False,-0.015321884703211275
2025-12-15,IWM,251.92999267578125,-0.007563574479298563,False,-0.007563574479298563
2025-12-16,IWM,249.8999938964844,-0.0080577892204734,False,-0.0080577892204734
2025-12-17,IWM,247.2400054931641,-0.010644211557772842,False,-0.010644211557772842
2025-12-18,IWM,248.7100067138672,0.005945644669320016,False,0.005945644669320016
2025-12-19,IWM,250.7899932861328,0.008363099658706519,False,0.008363099658706519
2025-12-22,IWM,253.5800018310547,0.011124879858099845,False,0.011124879858099845
2025-12-23,IWM,252.0800018310547,-0.005915292961466867,False,-0.005915292961466867
2025-12-24,IWM,252.7100067138672,0.0024992259530161043,False,0.0024992259530161043
2025-12-26,IWM,251.4199981689453,-0.005104699104307664,False,-0.005104699104307664
2025-12-29,IWM,249.8800048828125,-0.006125182154754438,False,-0.006125182154754438
2025-12-30,IWM,248.02999877929688,-0.00740357798689506,False,-0.00740357798689506
2025-12-31,IWM,246.16000366210935,-0.007539390905902055,False,-0.007539390905902055
2026-01-02,IWM,248.77999877929688,0.010643463918630136,False,0.010643463918630136
2026-01-05,IWM,252.72999572753903,0.015877469923723186,False,0.015877469923723186
2026-01-06,IWM,256.0799865722656,0.013255216639730172,False,0.013255216639730172
2026-01-07,IWM,255.47999572753903,-0.0023429821781768556,False,-0.0023429821781768556
2026-01-08,IWM,258.2699890136719,0.010920593912598475,False,0.010920593912598475
2026-01-09,IWM,260.2300109863281,0.007589042691880543,False,0.007589042691880543
2026-01-12,IWM,261.5,0.004880255773952902,False,0.004880255773952902
2026-01-13,IWM,261.3500061035156,-0.0005735904263264313,False,-0.0005735904263264313
2026-01-14,IWM,263.19000244140625,0.007040353146813505,False,0.007040353146813505
2026-01-15,IWM,265.510009765625,0.008814952326068104,False,0.008814952326068104
2026-01-16,IWM,265.760009765625,0.0009415840864932523,False,0.0009415840864932523
2026-01-20,IWM,262.5799865722656,-0.011965770155426547,False,-0.011965770155426547
2026-01-21,IWM,267.7900085449219,0.019841656786825812,False,0.019841656786825812
2026-01-22,IWM,269.7900085449219,0.007468538542073633,False,0.007468538542073633
2026-01-23,IWM,264.80999755859375,-0.018458841427031247,False,-0.018253446468188623
2026-01-26,IWM,263.9800109863281,-0.003134272043796127,False,-0.003134272043796127
2026-01-27,IWM,264.7300109863281,0.0028411242093586697,False,0.0028411242093586697
2026-01-28,IWM,263.29998779296875,-0.005401817451793245,False,-0.005401817451793245
2026-01-29,IWM,263.3699951171875,0.0002658842668605832,False,0.0002658842668605832
2026-01-30,IWM,259.6499938964844,-0.01412462045666174,False,-0.01412462045666174
2026-02-02,IWM,262.17999267578125,0.009743881528091025,False,0.009743881528091025
2026-02-03,IWM,262.7799987792969,0.0022885274249648813,False,0.0022885274249648813
2026-02-04,IWM,260.5199890136719,-0.008600387305439994,False,-0.008600387305439994
2026-02-05,IWM,255.8300018310547,-0.018002408185158747,False,-0.018002408185158747
2026-02-06,IWM,265.0199890136719,0.035922241788850506,False,0.020804303458662226
2026-02-09,IWM,266.8800048828125,0.007018398408599635,False,0.007018398408599635
2026-02-10,IWM,266.1600036621094,-0.002697846251236702,False,-0.002697846251236702
2026-02-11,IWM,264.95001220703125,-0.004546105494551367,False,-0.004546105494551367
2026-02-12,IWM,259.5400085449219,-0.020418959852253282,False,-0.018253446468188623
2026-02-13,IWM,262.9599914550781,0.013177093309543864,False,0.013177093309543864
2026-02-17,IWM,263.0400085449219,0.00030429378020957465,False,0.00030429378020957465
2026-02-18,IWM,263.989990234375,0.0036115482762801854,False,0.0036115482762801854
2026-02-19,IWM,264.6000061035156,0.0023107537850168836,False,0.0023107537850168836
2026-02-20,IWM,264.6099853515625,3.7714466427418714e-05,False,3.7714466427418714e-05
2026-02-23,IWM,260.489990234375,-0.015570066684043149,False,-0.015570066684043149
2026-02-24,IWM,263.3299865722656,0.010902516197783152,False,0.010902516197783152
2026-02-25,IWM,264.5799865722656,0.00474689577237708,False,0.00474689577237708
2026-02-26,IWM,265.989990234375,0.005329215109489249,False,0.005329215109489249
2026-02-27,IWM,261.4100036621094,-0.017218642582113697,False,-0.017218642582113697
2026-03-02,IWM,263.80999755859375,0.009180956592566014,False,0.009180956592566014
2026-03-03,IWM,259.239990234375,-0.017323101347604286,False,-0.017323101347604286
2026-03-04,IWM,261.760009765625,0.009720797817388105,False,0.009720797817388105
2026-03-05,IWM,256.760009765625,-0.01910146628003606,False,-0.018253446468188623
2026-03-06,IWM,250.88999938964844,-0.022861856023976723,False,-0.018253446468188623
2026-03-09,IWM,253.6199951171875,0.010881245702022646,False,0.010881245702022646
2026-03-10,IWM,253.36000061035156,-0.0010251341055179664,False,-0.0010251341055179664
2026-03-11,IWM,252.8500061035156,-0.0020129243195744495,False,-0.0020129243195744495
2026-03-12,IWM,247.41000366210935,-0.02151474119078778,False,-0.018253446468188623
2026-03-13,IWM,246.58999633789065,-0.003314366080922837,False,-0.003314366080922837
2026-03-16,IWM,248.9199981689453,0.009448890326686055,False,0.009448890326686055
2026-03-17,IWM,250.0500030517578,0.0045396307694232085,False,0.0045396307694232085
2026-03-18,IWM,246.02000427246097,-0.016116771566136223,False,-0.016116771566136223
2026-03-19,IWM,247.6300048828125,0.00654418576697724,False,0.00654418576697724
2026-03-20,IWM,242.22000122070312,-0.021847124966417497,False,-0.018253446468188623
2026-03-23,IWM,247.4499969482422,0.02159192346289207,False,0.020804303458662226
2026-03-24,IWM,248.77999877929688,0.005374830662587815,False,0.005374830662587815
2026-03-25,IWM,251.82000732421875,0.012219666210460778,False,0.012219666210460778
2026-03-26,IWM,247.44000244140625,-0.017393395105311238,False,-0.017393395105311238
2026-03-27,IWM,243.1000061035156,-0.01753959058789767,False,-0.01753959058789767
2026-03-30,IWM,239.61000061035156,-0.014356254239162536,False,-0.014356254239162536
2026-03-31,IWM,248.0,0.035015230450635704,False,0.020804303458662226
2026-04-01,IWM,249.55999755859375,0.0062903127362650135,False,0.0062903127362650135
2026-04-02,IWM,251.2899932861328,0.006932183621026322,False,0.006932183621026322
2026-04-06,IWM,252.36000061035156,0.004258057832809747,False,0.004258057832809747
2026-04-07,IWM,252.91000366210935,0.0021794383041193743,False,0.0021794383041193743
2026-04-08,IWM,260.4700012207031,0.02989204637667875,False,0.020804303458662226
2026-04-09,IWM,261.9599914550781,0.005720390937121733,False,0.005720390937121733
2026-04-10,IWM,261.29998779296875,-0.0025194826829979533,False,-0.0025194826829979533
2026-04-13,IWM,265.07000732421875,0.01442793611700055,False,0.01442793611700055
2026-04-14,IWM,268.7200012207031,0.013769924154489077,False,0.013769924154489077
2026-04-15,IWM,269.3900146484375,0.0024933515357647984,False,0.0024933515357647984
2026-04-16,IWM,269.95001220703125,0.0020787613799440052,False,0.0020787613799440052
2026-04-17,IWM,275.7799987792969,0.021596541243326328,False,0.020804303458662226
2026-04-20,IWM,277.3500061035156,0.005692970234129291,False,0.005692970234129291
2026-04-21,IWM,274.510009765625,-0.01023975581536729,False,-0.01023975581536729
2026-04-22,IWM,276.4800109863281,0.00717642763695614,False,0.00717642763695614
2026-04-23,IWM,275.5199890136719,-0.0034723015571050952,False,-0.0034723015571050952
2026-04-24,IWM,276.6499938964844,0.004101353541925423,False,0.004101353541925423
2026-04-27,IWM,277.1400146484375,0.001771266086260992,False,0.001771266086260992
2026-04-28,IWM,273.9100036621094,-0.01165479835319172,False,-0.01165479835319172
2026-04-29,IWM,272.0799865722656,-0.006681088917443234,False,-0.006681088917443234
2026-04-30,IWM,277.9700012207031,0.021648099599832493,False,0.020804303458662226
2026-05-01,IWM,279.2799987792969,0.004712729981080299,False,0.004712729981080299
2026-05-04,IWM,277.8800048828125,-0.005012868456758857,False,-0.005012868456758857
2026-05-05,IWM,282.55999755859375,0.016841775563358308,False,0.016841775563358308
2026-05-06,IWM,286.79998779296875,0.015005628082565892,False,0.015005628082565892
2026-05-07,IWM,282.260009765625,-0.015829770643578267,False,-0.015829770643578267
2026-05-08,IWM,284.1700134277344,0.006766823481992201,False,0.006766823481992201
2026-05-11,IWM,285.3299865722656,0.004081968855683682,False,0.004081968855683682
2026-05-12,IWM,282.57000732421875,-0.00967293792427193,False,-0.00967293792427193
2026-05-13,IWM,282.6700134277344,0.000353916201024429,False,0.000353916201024429
2026-05-14,IWM,284.45001220703125,0.006297090935512228,False,0.006297090935512228
2026-05-15,IWM,277.6000061035156,-0.024081581330817392,False,-0.018253446468188623
2026-05-18,IWM,275.9700012207031,-0.005871775385353106,False,-0.005871775385353106
2026-05-19,IWM,273.0,-0.01076204372781775,False,-0.01076204372781775
2026-05-20,IWM,279.8699951171875,0.025164817279075047,False,0.020804303458662226
2026-05-21,IWM,282.489990234375,0.00936147197948256,False,0.00936147197948256
2026-05-22,IWM,285.1199951171875,0.009310081679816173,False,0.009310081679816173
2026-05-26,IWM,290.510009765625,0.018904372687794657,False,0.018904372687794657
2026-05-27,IWM,290.3699951171875,-0.0004819615287970924,False,-0.0004819615287970924
2026-05-28,IWM,292.0299987792969,0.005716856734592879,False,0.005716856734592879
2026-05-29,IWM,290.42999267578125,-0.005478910078429489,False,-0.005478910078429489
2026-06-01,IWM,288.9800109863281,-0.0049925342630566805,False,-0.0049925342630566805
2026-06-02,IWM,291.6600036621094,0.009273972502921835,False,0.009273972502921835
2026-06-03,IWM,287.6700134277344,-0.013680279038182586,False,-0.013680279038182586
2026-06-04,IWM,292.010009765625,0.01508671788963123,False,0.01508671788963123
2026-06-05,IWM,281.6499938964844,-0.03547829020469484,True,-0.018253446468188623
2026-06-08,IWM,284.1099853515625,0.008734214480339286,False,0.008734214480339286
2026-06-09,IWM,285.0199890136719,0.003202997814326425,False,0.003202997814326425
2026-06-10,IWM,282.04998779296875,-0.010420326065484042,False,-0.010420326065484042
2026-06-11,IWM,290.4100036621094,0.0296401922742755,False,0.020804303458662226
2026-06-12,IWM,292.95001220703125,0.0087462846075963,False,0.0087462846075963
2026-06-15,IWM,294.6400146484375,0.005768910636576141,False,0.005768910636576141
2026-06-16,IWM,292.0799865722656,-0.008688663959056875,False,-0.008688663959056875
2026-06-17,IWM,289.8800048828125,-0.0075321206196673485,False,-0.0075321206196673485
2026-06-18,IWM,295.5899963378906,0.019697776179445237,False,0.019697776179445237
2026-06-22,IWM,298.17999267578125,0.008762124462865728,False,0.008762124462865728
2026-06-23,IWM,295.32000732421875,-0.009591473008962903,False,-0.009591473008962903
2026-06-24,IWM,296.69000244140625,0.00463901897335206,False,0.00463901897335206
2026-06-25,IWM,298.9100036621094,0.007482561604486682,False,0.007482561604486682
2026-06-26,IWM,299.8299865722656,0.0030777923083371572,False,0.0030777923083371572
2026-06-29,IWM,298.9700012207031,-0.0028682433047944045,False,-0.0028682433047944045
2026-06-30,IWM,300.45001220703125,0.004950366191541544,False,0.004950366191541544
2026-07-01,IWM,299.32000732421875,-0.003761041227829387,False,-0.003761041227829387
2026-07-02,IWM,297.5799865722656,-0.005813245721554283,False,-0.005813245721554283
2026-07-06,IWM,298.8999938964844,0.0044358067873566664,False,0.0044358067873566664
2026-07-07,IWM,296.19000244140625,-0.0090665490478955,False,-0.0090665490478955
2026-07-08,IWM,293.4800109863281,-0.00914950346986887,False,-0.00914950346986887
2026-07-09,IWM,297.239990234375,0.012811704740674834,False,0.012811704740674834
2026-07-10,IWM,295.989990234375,-0.004205356079491129,False,-0.004205356079491129
2026-07-13,IWM,293.4800109863281,-0.008479946386225401,False,-0.008479946386225401
2026-07-14,IWM,294.510009765625,0.003509604541158451,False,0.003509604541158451
2026-07-15,IWM,295.7699890136719,0.004278222152956923,False,0.004278222152956923
2026-07-16,IWM,295.5899963378906,-0.0006085562513677978,False,-0.0006085562513677978
2026-07-17,IWM,294.0400085449219,-0.005243708556350923,False,-0.005243708556350923
2026-07-20,IWM,292.30999755859375,-0.005883590450460163,False,-0.005883590450460163
2026-07-21,IWM,296.5400085449219,0.01447097609270176,False,0.01447097609270176
2026-07-22,IWM,293.7900085449219,-0.009273622178315288,False,-0.009273622178315288
2026-07-23,IWM,292.0899963378906,-0.005786487482848823,False,-0.005786487482848823
2026-07-24,IWM,291.1700134277344,-0.0031496556598672454,False,-0.0031496556598672454
2026-07-27,IWM,292.9100036621094,0.005975856558480652,False,0.005975856558480652
2026-07-28,IWM,293.3699951171875,0.0015704190684069363,False,0.0015704190684069363
2026-07-29,IWM,288.57000732421875,-0.01636154982738225,False,-0.01636154982738225
2026-07-30,IWM,292.5899963378906,0.013930723608275963,False,0.013930723608275963
2026-07-31,IWM,291.20001220703125,-0.0047506208286567375,False,-0.0047506208286567375
2026-08-03,IWM,296.2200012207031,0.01723897253858242,False,0.01723897253858242
2026-08-04,IWM,301.7099914550781,0.018533489338164566,False,0.018533489338164566
2026-08-05,IWM,299.7699890136719,-0.00643002385187863,False,-0.00643002385187863
2026-08-06,IWM,298.25,-0.005070517628109061,False,-0.005070517628109061
2026-08-07,IWM,301.55999755859375,0.011098063901403998,False,0.011098063901403998
2026-08-10,IWM,299.9800109863281,-0.005239377188808403,False,-0.005239377188808403
2026-08-11,IWM,300.989990234375,0.003366821824981159,False,0.003366821824981159
2026-08-12,IWM,302.7099914550781,0.005714479805005501,False,0.005714479805005501
2026-08-13,IWM,303.5,0.002609786816498705,False,0.002609786816498705
2026-08-14,IWM,305.0899963378906,0.005238867670150249,False,0.005238867670150249
2026-08-17,IWM,304.05999755859375,-0.003376049007375981,False,-0.003376049007375981
2026-08-18,IWM,300.2300109863281,-0.01259615405846859,False,-0.01259615405846859
2026-08-19,IWM,301.7200012207031,0.004962829097197918,False,0.004962829097197918
2026-08-20,IWM,297.70001220703125,-0.013323574829006146,False,-0.013323574829006146
2025-08-22,QQQ,571.969970703125,0.015427391269485335,False,0.015427391269485335
2025-08-25,QQQ,570.3200073242188,-0.0028847028050754675,False,-0.0028847028050754675
2025-08-26,QQQ,572.6099853515625,0.004015251083488547,False,0.004015251083488547
2025-08-27,QQQ,573.489990234375,0.0015368311858414696,False,0.0015368311858414696
2025-08-28,QQQ,577.0800170898438,0.006259964282901542,False,0.006259964282901542
2025-08-29,QQQ,570.4000244140625,-0.011575505091075189,False,-0.011575505091075189
2025-09-02,QQQ,565.6199951171875,-0.008380135154771873,False,-0.008380135154771873
2025-09-03,QQQ,570.0700073242188,0.007867494511238471,False,0.007867494511238471
2025-09-04,QQQ,575.22998046875,0.009051472763408563,False,0.009051472763408563
2025-09-05,QQQ,576.0599975585938,0.001442930859006042,False,0.001442930859006042
2025-09-08,QQQ,578.8699951171875,0.004877959883524019,False,0.004877959883524019
2025-09-09,QQQ,580.510009765625,0.002833131207820694,False,0.002833131207820694
2025-09-10,QQQ,580.7000122070312,0.00032730261013580453,False,0.00032730261013580453
2025-09-11,QQQ,584.0800170898438,0.005820569677562615,False,0.005820569677562615
2025-09-12,QQQ,586.6599731445312,0.004417127755101058,False,0.004417127755101058
2025-09-15,QQQ,591.6799926757812,0.00855694910348559,False,0.00855694910348559
2025-09-16,QQQ,591.1799926757812,-0.0008450513895844614,False,-0.0008450513895844614
2025-09-17,QQQ,590.0,-0.001995995619608837,False,-0.001995995619608837
2025-09-18,QQQ,595.3200073242188,0.009016961566472359,False,0.009016961566472359
2025-09-19,QQQ,599.3499755859375,0.006769415124870726,False,0.006769415124870726
2025-09-22,QQQ,602.2000122070312,0.00475521270908108,False,0.00475521270908108
2025-09-23,QQQ,598.2000122070312,-0.006642311389766009,False,-0.006642311389766009
2025-09-24,QQQ,596.0999755859375,-0.0035105927419589733,False,-0.0035105927419589733
2025-09-25,QQQ,593.530029296875,-0.004311267227508853,False,-0.004311267227508853
2025-09-26,QQQ,595.969970703125,0.004110897993047535,False,0.004110897993047535
2025-09-29,QQQ,598.72998046875,0.004631122206323113,False,0.004631122206323113
2025-09-30,QQQ,600.3699951171875,0.0027391557161602353,False,0.0027391557161602353
2025-10-01,QQQ,603.25,0.004797049996228209,False,0.004797049996228209
2025-10-02,QQQ,605.72998046875,0.004111032687525995,False,0.004111032687525995
2025-10-03,QQQ,603.1799926757812,-0.004209776427106071,False,-0.004209776427106071
2025-10-06,QQQ,607.7100219726562,0.0075102446232993,False,0.0075102446232993
2025-10-07,QQQ,604.510009765625,-0.005265689377054961,False,-0.005265689377054961
2025-10-08,QQQ,611.4400024414062,0.01146381790843809,False,0.01146381790843809
2025-10-09,QQQ,610.7000122070312,-0.0012102417758411699,False,-0.0012102417758411699
2025-10-10,QQQ,589.5,-0.03471428161662504,False,-0.019067489286522504
2025-10-13,QQQ,602.010009765625,0.021221390611747326,False,0.02097435353895543
2025-10-14,QQQ,598.0,-0.006661035033597162,False,-0.006661035033597162
2025-10-15,QQQ,602.219970703125,0.007056807195861214,False,0.007056807195861214
2025-10-16,QQQ,599.989990234375,-0.0037029334416565085,False,-0.0037029334416565085
2025-10-17,QQQ,603.9299926757812,0.006566780288896457,False,0.006566780288896457
2025-10-20,QQQ,611.5399780273438,0.012600774003366899,False,0.012600774003366899
2025-10-21,QQQ,611.3800048828125,-0.00026159065683206695,False,-0.00026159065683206695
2025-10-22,QQQ,605.489990234375,-0.009633966765999258,False,-0.009633966765999258
2025-10-23,QQQ,610.5800170898438,0.008406459128248223,False,0.008406459128248223
2025-10-24,QQQ,617.0999755859375,0.010678303111145482,False,0.010678303111145482
2025-10-27,QQQ,628.0900268554688,0.0178091908998963,False,0.0178091908998963
2025-10-28,QQQ,632.9199829101562,0.00768991043985956,False,0.00768991043985956
2025-10-29,QQQ,635.77001953125,0.004502996742162146,False,0.004502996742162146
2025-10-30,QQQ,626.0499877929688,-0.015288597196589704,False,-0.015288597196589704
2025-10-31,QQQ,629.0700073242188,0.004823927146611062,False,0.004823927146611062
2025-11-03,QQQ,632.0800170898438,0.0047848565828598755,False,0.0047848565828598755
2025-11-04,QQQ,619.25,-0.020298090024921778,False,-0.019067489286522504
2025-11-05,QQQ,623.280029296875,0.006507919736576495,False,0.006507919736576495
2025-11-06,QQQ,611.6699829101562,-0.018627335773642728,False,-0.018627335773642728
2025-11-07,QQQ,609.739990234375,-0.0031552842704474227,False,-0.0031552842704474227
2025-11-10,QQQ,623.22998046875,0.022124168416753687,False,0.02097435353895543
2025-11-11,QQQ,621.5700073242188,-0.0026635001469004216,False,-0.0026635001469004216
2025-11-12,QQQ,621.0800170898438,-0.0007883106144138674,False,-0.0007883106144138674
2025-11-13,QQQ,608.4000244140625,-0.02041603710773876,False,-0.019067489286522504
2025-11-14,QQQ,608.8599853515625,0.0007560172896821094,False,0.0007560172896821094
2025-11-17,QQQ,603.6599731445312,-0.00854057144850584,False,-0.00854057144850584
2025-11-18,QQQ,596.3099975585938,-0.012175688157110454,False,-0.012175688157110454
2025-11-19,QQQ,599.8699951171875,0.005970045065769591,False,0.005970045065769591
2025-11-20,QQQ,585.6699829101562,-0.023671816097848297,False,-0.019067489286522504
2025-11-21,QQQ,590.0700073242188,0.007512805065062578,False,0.007512805065062578
2025-11-24,QQQ,605.1599731445312,0.02557317883134025,False,0.02097435353895543
2025-11-25,QQQ,608.8900146484375,0.006163728054458417,False,0.006163728054458417
2025-11-26,QQQ,614.27001953125,0.008835758106361391,False,0.008835758106361391
2025-11-28,QQQ,619.25,0.008107152083623115,False,0.008107152083623115
2025-12-01,QQQ,617.1699829101562,-0.0033589294951049675,False,-0.0033589294951049675
2025-12-02,QQQ,622.0,0.00782607259521706,False,0.00782607259521706
2025-12-03,QQQ,623.52001953125,0.0024437613042604944,False,0.0024437613042604944
2025-12-04,QQQ,622.9400024414062,-0.000930230099556062,False,-0.000930230099556062
2025-12-05,QQQ,625.47998046875,0.004077403951245895,False,0.004077403951245895
2025-12-08,QQQ,624.280029296875,-0.001918448566452513,False,-0.001918448566452513
2025-12-09,QQQ,625.0499877929688,0.0012333543601594776,False,0.0012333543601594776
2025-12-10,QQQ,627.6099853515625,0.004095668520261997,False,0.004095668520261997
2025-12-11,QQQ,625.5800170898438,-0.0032344422636642056,False,-0.0032344422636642056
2025-12-12,QQQ,613.6199951171875,-0.01911829285771227,False,-0.019067489286522504
2025-12-15,QQQ,610.5399780273438,-0.00501942100054209,False,-0.00501942100054209
2025-12-16,QQQ,611.75,0.001981888191115333,False,0.001981888191115333
2025-12-17,QQQ,600.4099731445312,-0.018537027961534558,False,-0.018537027961534558
2025-12-18,QQQ,609.1099853515625,0.014490119412018831,False,0.014490119412018831
2025-12-19,QQQ,617.0499877929688,0.013035416644538333,False,0.013035416644538333
2025-12-22,QQQ,619.2100219726562,0.0035005821609581655,False,0.0035005821609581655
2025-12-23,QQQ,622.1099853515625,0.004683327588380415,False,0.004683327588380415
2025-12-24,QQQ,623.9299926757812,0.002925539481881456,False,0.002925539481881456
2025-12-26,QQQ,623.8900146484375,-6.407454011359004e-05,False,-6.407454011359004e-05
2025-12-29,QQQ,620.8699951171875,-0.004840628092039223,False,-0.004840628092039223
2025-12-30,QQQ,619.4299926757812,-0.0023193300573890463,False,-0.0023193300573890463
2025-12-31,QQQ,614.3099975585938,-0.008265655808932348,False,-0.008265655808932348
2026-01-02,QQQ,613.1199951171875,-0.0019371366999325623,False,-0.0019371366999325623
2026-01-05,QQQ,617.989990234375,0.007942972266394177,False,0.007942972266394177
2026-01-06,QQQ,623.4199829101562,0.008786538231342345,False,0.008786538231342345
2026-01-07,QQQ,624.02001953125,0.0009624917993369397,False,0.0009624917993369397
2026-01-08,QQQ,620.469970703125,-0.005688998296547787,False,-0.005688998296547787
2026-01-09,QQQ,626.6500244140625,0.009960278502977538,False,0.009960278502977538
2026-01-12,QQQ,627.1699829101562,0.0008297430397132821,False,0.0008297430397132821
2026-01-13,QQQ,626.239990234375,-0.001482839901657873,False,-0.001482839901657873
2026-01-14,QQQ,619.5499877929688,-0.01068280937936028,False,-0.01068280937936028
2026-01-15,QQQ,621.780029296875,0.0035994537129284687,False,0.0035994537129284687
2026-01-16,QQQ,621.260009765625,-0.0008363400346551586,False,-0.0008363400346551586
2026-01-20,QQQ,608.0599975585938,-0.0212471622179754,False,-0.019067489286522504
2026-01-21,QQQ,616.280029296875,0.013518455039445598,False,0.013518455039445598
2026-01-22,QQQ,620.760009765625,0.007269390951806898,False,0.007269390951806898
2026-01-23,QQQ,622.719970703125,0.0031573569602849627,False,0.0031573569602849627
2026-01-26,QQQ,625.4600219726562,0.004400133926068639,False,0.004400133926068639
2026-01-27,QQQ,631.1300048828125,0.009065300276544397,False,0.009065300276544397
2026-01-28,QQQ,633.219970703125,0.003311466423943088,False,0.003311466423943088
2026-01-29,QQQ,629.4299926757812,-0.00598524715374249,False,-0.00598524715374249
2026-01-30,QQQ,621.8699951171875,-0.012010863235886293,False,-0.012010863235886293
2026-02-02,QQQ,626.1400146484375,0.006866418326623602,False,0.006866418326623602
2026-02-03,QQQ,616.52001953125,-0.015363967949866497,False,-0.015363967949866497
2026-02-04,QQQ,605.75,-0.017469050785145046,False,-0.017469050785145046
2026-02-05,QQQ,597.030029296875,-0.014395329266405299,False,-0.014395329266405299
2026-02-06,QQQ,609.6500244140625,0.021137957050586076,False,0.02097435353895543
2026-02-09,QQQ,614.3200073242188,0.00766010452414001,False,0.00766010452414001
2026-02-10,QQQ,611.469970703125,-0.004639335504483366,False,-0.004639335504483366
2026-02-11,QQQ,613.1099853515625,0.002682085346810581,False,0.002682085346810581
2026-02-12,QQQ,600.6400146484375,-0.020338880463632636,False,-0.019067489286522504
2026-02-13,QQQ,601.9199829101562,0.002131007309707611,False,0.002131007309707611
2026-02-17,QQQ,601.2999877929688,-0.0010300291314303545,False,-0.0010300291314303545
2026-02-18,QQQ,605.7899780273438,0.0074671384093241144,False,0.0074671384093241144
2026-02-19,QQQ,603.469970703125,-0.003829722194767071,False,-0.003829722194767071
2026-02-20,QQQ,608.8099975585938,0.008848869230803524,False,0.008848869230803524
2026-02-23,QQQ,601.4099731445312,-0.012154899629995497,False,-0.012154899629995497
2026-02-24,QQQ,607.8699951171875,0.010741461334402791,False,0.010741461334402791
2026-02-25,QQQ,616.6799926757812,0.014493226560549965,False,0.014493226560549965
2026-02-26,QQQ,609.239990234375,-0.012064608110803121,False,-0.012064608110803121
2026-02-27,QQQ,607.2899780273438,-0.0032007291679606586,False,-0.0032007291679606586
2026-03-02,QQQ,608.0900268554688,0.001317408251530594,False,0.001317408251530594
2026-03-03,QQQ,601.5800170898438,-0.010705667710567912,False,-0.010705667710567912
2026-03-04,QQQ,610.75,0.015243164084000504,False,0.015243164084000504
2026-03-05,QQQ,608.9099731445312,-0.00301273328770979,False,-0.00301273328770979
2026-03-06,QQQ,599.75,-0.01504323060636914,False,-0.01504323060636914
2026-03-09,QQQ,607.760009765625,0.013355581101500702,False,0.013355581101500702
2026-03-10,QQQ,607.77001953125,1.6469931328311205e-05,False,1.6469931328311205e-05
2026-03-11,QQQ,607.6900024414062,-0.00013165685583749198,False,-0.00013165685583749198
2026-03-12,QQQ,597.260009765625,-0.017163344195031294,False,-0.017163344195031294
2026-03-13,QQQ,593.719970703125,-0.005927132244948341,False,-0.005927132244948341
2026-03-16,QQQ,600.3800048828125,0.011217467001826131,False,0.011217467001826131
2026-03-17,QQQ,603.3099975585938,0.0048802302740798,False,0.0048802302740798
2026-03-18,QQQ,594.9000244140625,-0.013939721169156427,False,-0.013939721169156427
2026-03-19,QQQ,593.02001953125,-0.0031602030688504534,False,-0.0031602030688504534
2026-03-20,QQQ,582.0599975585938,-0.01848170653887793,False,-0.01848170653887793
2026-03-23,QQQ,588.0,0.010205137728620972,False,0.010205137728620972
2026-03-24,QQQ,583.97998046875,-0.006836767910289088,False,-0.006836767910289088
2026-03-25,QQQ,587.8200073242188,0.006575613863315066,False,0.006575613863315066
2026-03-26,QQQ,573.7899780273438,-0.023867900245077234,False,-0.019067489286522504
2026-03-27,QQQ,562.5800170898438,-0.019536696991535485,False,-0.019067489286522504
2026-03-30,QQQ,558.280029296875,-0.00764333545868201,False,-0.00764333545868201
2026-03-31,QQQ,577.1799926757812,0.03385391270884219,False,0.02097435353895543
2026-04-01,QQQ,584.3099975585938,0.012353174006878076,False,0.012353174006878076
2026-04-02,QQQ,584.97998046875,0.0011466223630531847,False,0.0011466223630531847
2026-04-06,QQQ,588.5,0.006017333325542884,False,0.006017333325542884
2026-04-07,QQQ,588.5900268554688,0.00015297681473014357,False,0.00015297681473014357
2026-04-08,QQQ,606.0900268554688,0.029732070204270045,False,0.02097435353895543
2026-04-09,QQQ,610.1900024414062,0.006764631332426108,False,0.006764631332426108
2026-04-10,QQQ,611.0700073242188,0.001442181745508142,False,0.001442181745508142
2026-04-13,QQQ,617.3900146484375,0.010342525812865766,False,0.010342525812865766
2026-04-14,QQQ,628.5999755859375,0.018157016912369928,False,0.018157016912369928
2026-04-15,QQQ,637.4000244140625,0.013999441886586528,False,0.013999441886586528
2026-04-16,QQQ,640.469970703125,0.004816357344643363,False,0.004816357344643363
2026-04-17,QQQ,648.8499755859375,0.013084149556009228,False,0.013084149556009228
2026-04-20,QQQ,646.7899780273438,-0.0031748441644519065,False,-0.0031748441644519065
2026-04-21,QQQ,644.3300170898438,-0.003803338055735961,False,-0.003803338055735961
2026-04-22,QQQ,655.1099853515625,0.016730507621555812,False,0.016730507621555812
2026-04-23,QQQ,651.4199829101562,-0.005632645699066852,False,-0.005632645699066852
2026-04-24,QQQ,663.8800048828125,0.019127478891562966,False,0.019127478891562966
2026-04-27,QQQ,664.22998046875,0.0005271669328243966,False,0.0005271669328243966
2026-04-28,QQQ,657.5499877929688,-0.010056746717555742,False,-0.010056746717555742
2026-04-29,QQQ,661.5700073242188,0.006113633344809299,False,0.006113633344809299
2026-04-30,QQQ,667.739990234375,0.009326273624633119,False,0.009326273624633119
2026-05-01,QQQ,674.1500244140625,0.009599596060492877,False,0.009599596060492877
2026-05-04,QQQ,672.8800048828125,-0.0018838826451929025,False,-0.0018838826451929025
2026-05-05,QQQ,681.6099853515625,0.012974052439365336,False,0.012974052439365336
2026-05-06,QQQ,695.77001953125,0.02077439369140688,False,0.02077439369140688
2026-05-07,QQQ,694.9400024414062,-0.0011929474776779525,False,-0.0011929474776779525
2026-05-08,QQQ,711.22998046875,0.023440840892904546,False,0.02097435353895543
2026-05-11,QQQ,713.2899780273438,0.0028963874065546236,False,0.0028963874065546236
2026-05-12,QQQ,707.239990234375,-0.00848180680976407,False,-0.00848180680976407
2026-05-13,QQQ,714.7100219726562,0.010562230418850849,False,0.010562230418850849
2026-05-14,QQQ,719.7899780273438,0.007107716274449949,False,0.007107716274449949
2026-05-15,QQQ,708.9299926757812,-0.015087714031981059,False,-0.015087714031981059
2026-05-18,QQQ,705.8800048828125,-0.004302241158477327,False,-0.004302241158477327
2026-05-19,QQQ,701.530029296875,-0.006162485912403315,False,-0.006162485912403315
2026-05-20,QQQ,713.1500244140625,0.016563788621898112,False,0.016563788621898112
2026-05-21,QQQ,714.510009765625,0.0019070115754113992,False,0.0019070115754113992
2026-05-22,QQQ,717.5399780273438,0.004240623952507905,False,0.004240623952507905
2026-05-26,QQQ,730.280029296875,0.017755179724697978,False,0.017755179724697978
2026-05-27,QQQ,729.4500122070312,-0.0011365737204164228,False,-0.0011365737204164228
2026-05-28,QQQ,735.5999755859375,0.008430959320020914,False,0.008430959320020914
2026-05-29,QQQ,738.3099975585938,0.003684097420609156,False,0.003684097420609156
2026-06-01,QQQ,742.739990234375,0.006000179721837862,False,0.006000179721837862
2026-06-02,QQQ,746.1599731445312,0.004604549310825545,False,0.004604549310825545
2026-06-03,QQQ,744.2100219726562,-0.002613315163043861,False,-0.002613315163043861
2026-06-04,QQQ,740.6099853515625,-0.00483739336316813,False,-0.00483739336316813
2026-06-05,QQQ,705.0599975585938,-0.04800095663859216,True,-0.019067489286522504
2026-06-08,QQQ,716.0700073242188,0.015615706186351996,False,0.015615706186351996
2026-06-09,QQQ,707.8300170898438,-0.011507241121808565,False,-0.011507241121808565
2026-06-10,QQQ,693.6900024414062,-0.019976568253734728,False,-0.019067489286522504
2026-06-11,QQQ,717.1199951171875,0.033775883454166156,False,0.02097435353895543
2026-06-12,QQQ,721.3400268554688,0.005884694007997515,False,0.005884694007997515
2026-06-15,QQQ,744.0,0.03141371932916659,False,0.02097435353895543
2026-06-16,QQQ,729.8599853515625,-0.019005396032846122,False,-0.019005396032846122
2026-06-17,QQQ,722.510009765625,-0.010070391216744357,False,-0.010070391216744357
2026-06-18,QQQ,740.6199951171875,0.025065376405563056,False,0.02097435353895543
2026-06-22,QQQ,737.9500122070312,-0.003605064578001027,False,-0.003605064578001027
2026-06-23,QQQ,713.6500244140625,-0.03292904314791367,False,-0.019067489286522504
2026-06-24,QQQ,710.6199951171875,-0.00424581964999271,False,-0.00424581964999271
2026-06-25,QQQ,716.3800048828125,0.008105611726665796,False,0.008105611726665796
2026-06-26,QQQ,706.52001953125,-0.013763624451209266,False,-0.013763624451209266
2026-06-29,QQQ,724.0800170898438,0.024854210883145544,False,0.02097435353895543
2026-06-30,QQQ,736.4000244140625,0.017014704222517052,False,0.017014704222517052
2026-07-01,QQQ,725.1699829101562,-0.015249920059198452,False,-0.015249920059198452
2026-07-02,QQQ,712.5999755859375,-0.017333877050142776,False,-0.017333877050142776
2026-07-06,QQQ,722.8200073242188,0.014341891788415717,False,0.014341891788415717
2026-07-07,QQQ,709.4299926757812,-0.0185246873533641,False,-0.0185246873533641
2026-07-08,QQQ,711.4400024414062,0.0028332742996159954,False,0.0028332742996159954
2026-07-09,QQQ,723.280029296875,0.01664234062582648,False,0.01664234062582648
2026-07-10,QQQ,725.510009765625,0.0030831495111482976,False,0.0030831495111482976
2026-07-13,QQQ,711.739990234375,-0.01897977883957569,False,-0.01897977883957569
2026-07-14,QQQ,719.6900024414062,0.011169826504217273,False,0.011169826504217273
2026-07-15,QQQ,717.739990234375,-0.002709516875899598,False,-0.002709516875899598
2026-07-16,QQQ,705.9400024414062,-0.01644047698821338,False,-0.01644047698821338
2026-07-17,QQQ,695.3300170898438,-0.015029585113280453,False,-0.015029585113280453
2026-07-20,QQQ,696.0599975585938,0.001049833101992581,False,0.001049833101992581
2026-07-21,QQQ,708.969970703125,0.018547213156642428,False,0.018547213156642428
2026-07-22,QQQ,705.3499755859375,-0.005105992167196205,False,-0.005105992167196205
2026-07-23,QQQ,691.9600219726562,-0.01898341826999872,False,-0.01898341826999872
2026-07-24,QQQ,684.22998046875,-0.011171225588826994,False,-0.011171225588826994
2026-07-27,QQQ,682.1199951171875,-0.003083737064717651,False,-0.003083737064717651
2026-07-28,QQQ,675.489990234375,-0.009719704641810822,False,-0.009719704641810822
2026-07-29,QQQ,661.72998046875,-0.0203704125369063,False,-0.019067489286522504
2026-07-30,QQQ,683.5499877929688,0.032974185798204436,False,0.02097435353895543
2026-07-31,QQQ,687.989990234375,0.00649550511403274,False,0.00649550511403274
2026-08-03,QQQ,700.0700073242188,0.017558419833591632,False,0.017558419833591632
2026-08-04,QQQ,723.8499755859375,0.03396798607700635,False,0.02097435353895543
2026-08-05,QQQ,717.2999877929688,-0.009048819525989127,False,-0.009048819525989127
2026-08-06,QQQ,714.6500244140625,-0.0036943586003114204,False,-0.0036943586003114204
2026-08-07,QQQ,723.030029296875,0.011726026161803071,False,0.011726026161803071
2026-08-10,QQQ,720.8699951171875,-0.0029874750593527066,False,-0.0029874750593527066
2026-08-11,QQQ,718.4500122070312,-0.0033570309855425196,False,-0.0033570309855425196
2026-08-12,QQQ,723.7000122070312,0.007307397746256994,False,0.007307397746256994
2026-08-13,QQQ,732.0700073242188,0.011565558900105577,False,0.011565558900105577
2026-08-14,QQQ,731.0700073242188,-0.0013659895774928987,False,-0.0013659895774928987
2026-08-17,QQQ,729.8699951171875,-0.0016414463662972612,False,-0.0016414463662972612
2026-08-18,QQQ,717.510009765625,-0.01693450262957852,False,-0.01693450262957852
2026-08-19,QQQ,716.0800170898438,-0.0019929933468779693,False,-0.0019929933468779693
2026-08-20,QQQ,710.9299926757812,-0.007191967784539344,False,-0.007191967784539344
2025-08-22,SPY,645.3099975585938,0.015356793254796441,False,0.014088401362299068
2025-08-25,SPY,642.469970703125,-0.0044010272058598865,False,-0.0044010272058598865
2025-08-26,SPY,645.1599731445312,0.004186969919329098,False,0.004186969919329098
2025-08-27,SPY,646.6300048828125,0.0022785538462906096,False,0.0022785538462906096
2025-08-28,SPY,648.9199829101562,0.003541403909580021,False,0.003541403909580021
2025-08-29,SPY,645.0499877929688,-0.0059637477949624484,False,-0.0059637477949624484
2025-09-02,SPY,640.27001953125,-0.007410229210411012,False,-0.007410229210411012
2025-09-03,SPY,643.739990234375,0.005419542688669621,False,0.005419542688669621
2025-09-04,SPY,649.1199951171875,0.008357419089116691,False,0.008357419089116691
2025-09-05,SPY,647.239990234375,-0.002896236284437803,False,-0.002896236284437803
2025-09-08,SPY,648.8300170898438,0.002456626412859597,False,0.002456626412859597
2025-09-09,SPY,650.3300170898438,0.002311853583358836,False,0.002311853583358836
2025-09-10,SPY,652.2100219726562,0.0028908474672986184,False,0.0028908474672986184
2025-09-11,SPY,657.6300048828125,0.008310180352278485,False,0.008310180352278485
2025-09-12,SPY,657.4099731445312,-0.00033458287585352853,False,-0.00033458287585352853
2025-09-15,SPY,660.9099731445312,0.005323922883704979,False,0.005323922883704979
2025-09-16,SPY,660.0,-0.0013768488621856978,False,-0.0013768488621856978
2025-09-17,SPY,659.1799926757812,-0.0012424353397253451,False,-0.0012424353397253451
2025-09-18,SPY,662.260009765625,0.004672497836806455,False,0.004672497836806455
2025-09-19,SPY,663.7000122070312,0.0021743762573189773,False,0.0021743762573189773
2025-09-22,SPY,666.8400268554688,0.004731075170536503,False,0.004731075170536503
2025-09-23,SPY,663.2100219726562,-0.005443591771073009,False,-0.005443591771073009
2025-09-24,SPY,661.0999755859375,-0.0031815658943793457,False,-0.0031815658943793457
2025-09-25,SPY,658.0499877929688,-0.004613504621998388,False,-0.004613504621998388
2025-09-26,SPY,661.8200073242188,0.0057290777314567,False,0.0057290777314567
2025-09-29,SPY,663.6799926757812,0.0028104096748033935,False,0.0028104096748033935
2025-09-30,SPY,666.1799926757812,0.003766875644270362,False,0.003766875644270362
2025-10-01,SPY,668.4500122070312,0.0034075168215907947,False,0.0034075168215907947
2025-10-02,SPY,669.219970703125,0.0011518565068935338,False,0.0011518565068935338
2025-10-03,SPY,669.2100219726562,-1.4866158967619114e-05,False,-1.4866158967619114e-05
2025-10-06,SPY,671.6099853515625,0.003586263355458641,False,0.003586263355458641
2025-10-07,SPY,669.1199951171875,-0.003707494362329311,False,-0.003707494362329311
2025-10-08,SPY,673.1099853515625,0.005963041402874625,False,0.005963041402874625
2025-10-09,SPY,671.1599731445312,-0.0028970186885769467,False,-0.0028970186885769467
2025-10-10,SPY,653.02001953125,-0.027027764376787222,True,-0.01426622845906545
2025-10-13,SPY,663.0399780273438,0.015344029580113494,False,0.014088401362299068
2025-10-14,SPY,662.22998046875,-0.0012216421112398734,False,-0.0012216421112398734
2025-10-15,SPY,665.1699829101562,0.00443954899070742,False,0.00443954899070742
2025-10-16,SPY,660.6400146484375,-0.006810241559458086,False,-0.006810241559458086
2025-10-17,SPY,664.3900146484375,0.0056763137515907225,False,0.0056763137515907225
2025-10-20,SPY,671.2999877929688,0.010400477117627371,False,0.010400477117627371
2025-10-21,SPY,671.2899780273438,-1.4911017141350236e-05,False,-1.4911017141350236e-05
2025-10-22,SPY,667.7999877929688,-0.005198930936866852,False,-0.005198930936866852
2025-10-23,SPY,671.760009765625,0.005929952148911788,False,0.005929952148911788
2025-10-24,SPY,677.25,0.008172546972973871,False,0.008172546972973871
2025-10-27,SPY,685.239990234375,0.011797696913067535,False,0.011797696913067535
2025-10-28,SPY,687.0599975585938,0.002656014462314449,False,0.002656014462314449
2025-10-29,SPY,687.3900146484375,0.00048033227231458753,False,0.00048033227231458753
2025-10-30,SPY,679.8300170898438,-0.010998119550020391,False,-0.010998119550020391
2025-10-31,SPY,682.0599975585938,0.0032802030105936186,False,0.0032802030105936186
2025-11-03,SPY,683.3400268554688,0.0018767107020742912,False,0.0018767107020742912
2025-11-04,SPY,675.239990234375,-0.011853596017736279,False,-0.011853596017736279
2025-11-05,SPY,677.5800170898438,0.0034654743340312155,False,0.0034654743340312155
2025-11-06,SPY,670.3099975585938,-0.010729388925125316,False,-0.010729388925125316
2025-11-07,SPY,670.969970703125,0.0009845789961884233,False,0.0009845789961884233
2025-11-10,SPY,681.4400024414062,0.01560432239211762,False,0.014088401362299068
2025-11-11,SPY,683.0,0.0022892661907207845,False,0.0022892661907207845
2025-11-12,SPY,683.3800048828125,0.0005563761095350728,False,0.0005563761095350728
2025-11-13,SPY,672.0399780273438,-0.016594027882646856,False,-0.01426622845906545
2025-11-14,SPY,671.9299926757812,-0.00016365894166792128,False,-0.00016365894166792128
2025-11-17,SPY,665.6699829101562,-0.009316461288915168,False,-0.009316461288915168
2025-11-18,SPY,660.0800170898438,-0.008397503213040225,False,-0.008397503213040225
2025-11-19,SPY,662.6300048828125,0.003863149507556951,False,0.003863149507556951
2025-11-20,SPY,652.530029296875,-0.015242255122032589,False,-0.01426622845906545
2025-11-21,SPY,659.030029296875,0.009961227389035265,False,0.009961227389035265
2025-11-24,SPY,668.72998046875,0.014718526835907575,False,0.014088401362299068
2025-11-25,SPY,675.02001953125,0.009405947461920139,False,0.009405947461920139
2025-11-26,SPY,679.6799926757812,0.006903459171132775,False,0.006903459171132775
2025-11-28,SPY,683.3900146484375,0.0054584834225450685,False,0.0054584834225450685
2025-12-01,SPY,680.27001953125,-0.004565467815318525,False,-0.004565467815318525
2025-12-02,SPY,681.530029296875,0.0018522200441719594,False,0.0018522200441719594
2025-12-03,SPY,683.8900146484375,0.00346277529986061,False,0.00346277529986061
2025-12-04,SPY,684.3900146484375,0.0007311117128343536,False,0.0007311117128343536
2025-12-05,SPY,685.6900024414062,0.0018994838690575833,False,0.0018994838690575833
2025-12-08,SPY,683.6300048828125,-0.0030042694967975514,False,-0.0030042694967975514
2025-12-09,SPY,683.0399780273438,-0.0008630792259767261,False,-0.0008630792259767261
2025-12-10,SPY,687.5700073242188,0.006632158354709983,False,0.006632158354709983
2025-12-11,SPY,689.1699829101562,0.0023270002601829542,False,0.0023270002601829542
2025-12-12,SPY,681.760009765625,-0.010752025375860397,False,-0.010752025375860397
2025-12-15,SPY,680.72998046875,-0.0015108385386657375,False,-0.0015108385386657375
2025-12-16,SPY,678.8699951171875,-0.0027323394075896568,False,-0.0027323394075896568
2025-12-17,SPY,671.4000244140625,-0.011003536401451242,False,-0.011003536401451242
2025-12-18,SPY,676.469970703125,0.007551304892321253,False,0.007551304892321253
2025-12-19,SPY,680.5900268554688,0.0060905233502994705,False,0.0060905233502994705
2025-12-22,SPY,684.8300170898438,0.006229874178387496,False,0.006229874178387496
2025-12-23,SPY,687.9600219726562,0.0045704843606495515,False,0.0045704843606495515
2025-12-24,SPY,690.3800048828125,0.003517621421107009,False,0.003517621421107009
2025-12-26,SPY,690.3099975585938,-0.0001014040437492536,False,-0.0001014040437492536
2025-12-29,SPY,687.8499755859375,-0.003563648189011559,False,-0.003563648189011559
2025-12-30,SPY,687.010009765625,-0.0012211468345215692,False,-0.0012211468345215692
2025-12-31,SPY,681.9199829101562,-0.007408955885817803,False,-0.007408955885817803
2026-01-02,SPY,683.1699829101562,0.0018330596423725698,False,0.0018330596423725698
2026-01-05,SPY,687.719970703125,0.006660110816910869,False,0.006660110816910869
2026-01-06,SPY,691.8099975585938,0.005947227112347964,False,0.005947227112347964
2026-01-07,SPY,689.5800170898438,-0.0032234001772446508,False,-0.0032234001772446508
2026-01-08,SPY,689.510009765625,-0.00010152168346500012,False,-0.00010152168346500012
2026-01-09,SPY,694.0700073242188,0.006613388484590255,False,0.006613388484590255
2026-01-12,SPY,695.1599731445312,0.0015703975230316747,False,0.0015703975230316747
2026-01-13,SPY,693.77001953125,-0.001999473023445053,False,-0.001999473023445053
2026-01-14,SPY,690.3599853515625,-0.004915222744839132,False,-0.004915222744839132
2026-01-15,SPY,692.239990234375,0.0027232240029890775,False,0.0027232240029890775
2026-01-16,SPY,691.6599731445312,-0.0008378844014015341,False,-0.0008378844014015341
2026-01-20,SPY,677.5800170898438,-0.020356759970762806,False,-0.01426622845906545
2026-01-21,SPY,685.4000244140625,0.011541083159159804,False,0.011541083159159804
2026-01-22,SPY,688.97998046875,0.005223163010167564,False,0.005223163010167564
2026-01-23,SPY,689.22998046875,0.00036285524556167736,False,0.00036285524556167736
2026-01-26,SPY,692.72998046875,0.00507813081145958,False,0.00507813081145958
2026-01-27,SPY,695.489990234375,0.003984250492172103,False,0.003984250492172103
2026-01-28,SPY,695.4199829101562,-0.0001006589961060067,False,-0.0001006589961060067
2026-01-29,SPY,694.0399780273438,-0.001984419367757506,False,-0.001984419367757506
2026-01-30,SPY,691.969970703125,-0.002982547677011782,False,-0.002982547677011782
2026-02-02,SPY,695.4099731445312,0.004971317523953855,False,0.004971317523953855
2026-02-03,SPY,689.530029296875,-0.008455363130712823,False,-0.008455363130712823
2026-02-04,SPY,686.1900024414062,-0.0048439179057576665,False,-0.0048439179057576665
2026-02-05,SPY,677.6199951171875,-0.0124892628772314,False,-0.0124892628772314
2026-02-06,SPY,690.6199951171875,0.019184793975496328,False,0.014088401362299068
2026-02-09,SPY,693.9500122070312,0.004821779145387506,False,0.004821779145387506
2026-02-10,SPY,692.1199951171875,-0.0026371021797716443,False,-0.0026371021797716443
2026-02-11,SPY,691.9600219726562,-0.00023113498477123073,False,-0.00023113498477123073
2026-02-12,SPY,681.27001953125,-0.015448872914552103,False,-0.01426622845906545
2026-02-13,SPY,681.75,0.0007045377823615695,False,0.0007045377823615695
2026-02-17,SPY,682.8499755859375,0.0016134588719287635,False,0.0016134588719287635
2026-02-18,SPY,686.2899780273438,0.005037713354905549,False,0.005037713354905549
2026-02-19,SPY,684.47998046875,-0.002637365569283623,False,-0.002637365569283623
2026-02-20,SPY,689.4299926757812,0.007231785221302411,False,0.007231785221302411
2026-02-23,SPY,682.3900146484375,-0.010211302238274489,False,-0.010211302238274489
2026-02-24,SPY,687.3499755859375,0.007268513358970052,False,0.007268513358970052
2026-02-25,SPY,693.1500244140625,0.008438276037153747,False,0.008438276037153747
2026-02-26,SPY,689.2999877929688,-0.005554405951797015,False,-0.005554405951797015
2026-02-27,SPY,685.989990234375,-0.004801969559279806,False,-0.004801969559279806
2026-03-02,SPY,686.3800048828125,0.0005685427688300049,False,0.0005685427688300049
2026-03-03,SPY,680.3300170898438,-0.008814341545397508,False,-0.008814341545397508
2026-03-04,SPY,685.1300048828125,0.007055381465455479,False,0.007055381465455479
2026-03-05,SPY,681.3099975585938,-0.0055755948462250515,False,-0.0055755948462250515
2026-03-06,SPY,672.3800048828125,-0.013107091790493297,False,-0.013107091790493297
2026-03-09,SPY,678.27001953125,0.008759949144329537,False,0.008759949144329537
2026-03-10,SPY,677.1799926757812,-0.001607069196751576,False,-0.001607069196751576
2026-03-11,SPY,676.3300170898438,-0.0012551693717042234,False,-0.0012551693717042234
2026-03-12,SPY,666.0599975585938,-0.0151849234423167,False,-0.01426622845906545
2026-03-13,SPY,662.2899780273438,-0.005660180081477395,False,-0.005660180081477395
2026-03-16,SPY,669.030029296875,0.010176888512803295,False,0.010176888512803295
2026-03-17,SPY,670.7899780273438,0.0026305975119209624,False,0.0026305975119209624
2026-03-18,SPY,661.4299926757812,-0.013953675007322364,False,-0.013953675007322364
2026-03-19,SPY,659.7999877929688,-0.002464364937880159,False,-0.002464364937880159
2026-03-20,SPY,648.5700073242188,-0.017020279897722146,False,-0.01426622845906545
2026-03-23,SPY,655.3800048828125,0.01050001924493782,False,0.01050001924493782
2026-03-24,SPY,653.1799926757812,-0.0033568497522664664,False,-0.0033568497522664664
2026-03-25,SPY,656.8200073242188,0.0055727589473859585,False,0.0055727589473859585
2026-03-26,SPY,645.0900268554688,-0.017858744158138706,False,-0.01426622845906545
2026-03-27,SPY,634.0900268554688,-0.017051883523327982,False,-0.01426622845906545
2026-03-30,SPY,631.969970703125,-0.0033434623831846144,False,-0.0033434623831846144
2026-03-31,SPY,650.3400268554688,0.02906792569891481,True,0.014088401362299068
2026-04-01,SPY,655.239990234375,0.007534463782890022,False,0.007534463782890022
2026-04-02,SPY,655.8300170898438,0.0009004744280911581,False,0.0009004744280911581
2026-04-06,SPY,658.9299926757812,0.004726797348638012,False,0.004726797348638012
2026-04-07,SPY,659.219970703125,0.0004400741058487867,False,0.0004400741058487867
2026-04-08,SPY,676.010009765625,0.025469554638327674,True,0.014088401362299068
2026-04-09,SPY,679.9099731445312,0.00576909117108837,False,0.00576909117108837
2026-04-10,SPY,679.4600219726562,-0.0006617805145495703,False,-0.0006617805145495703
2026-04-13,SPY,686.0999755859375,0.009772397784351794,False,0.009772397784351794
2026-04-14,SPY,694.4600219726562,0.01218488075237012,False,0.01218488075237012
2026-04-15,SPY,699.9400024414062,0.007890994867038925,False,0.007890994867038925
2026-04-16,SPY,701.6599731445312,0.002457311622604319,False,0.002457311622604319
2026-04-17,SPY,710.1400146484375,0.012085685130224011,False,0.012085685130224011
2026-04-20,SPY,708.719970703125,-0.001999667552905704,False,-0.001999667552905704
2026-04-21,SPY,704.0800170898438,-0.006546949154936255,False,-0.006546949154936255
2026-04-22,SPY,711.2100219726562,0.010126696838070659,False,0.010126696838070659
2026-04-23,SPY,708.4500122070312,-0.0038807239498251933,False,-0.0038807239498251933
2026-04-24,SPY,713.9400024414062,0.007749297960024215,False,0.007749297960024215
2026-04-27,SPY,715.1699829101562,0.0017228064887020444,False,0.0017228064887020444
2026-04-28,SPY,711.6900024414062,-0.004865948728146163,False,-0.004865948728146163
2026-04-29,SPY,711.5800170898438,-0.00015454109399481997,False,-0.00015454109399481997
2026-04-30,SPY,718.6599731445312,0.009949627427204177,False,0.009949627427204177
2026-05-01,SPY,720.6500244140625,0.0027691138283709726,False,0.0027691138283709726
2026-05-04,SPY,718.010009765625,-0.0036633796697419507,False,-0.0036633796697419507
2026-05-05,SPY,723.77001953125,0.008022185884992261,False,0.008022185884992261
2026-05-06,SPY,733.8300170898438,0.013899439445017592,False,0.013899439445017592
2026-05-07,SPY,731.5800170898438,-0.0030661051573263043,False,-0.0030661051573263043
2026-05-08,SPY,737.6199951171875,0.008256073001242203,False,0.008256073001242203
2026-05-11,SPY,739.2999877929688,0.002277585595431564,False,0.002277585595431564
2026-05-12,SPY,738.1799926757812,-0.0015149399914519135,False,-0.0015149399914519135
2026-05-13,SPY,742.3099975585938,0.005594848036780231,False,0.005594848036780231
2026-05-14,SPY,748.1699829101562,0.007894256268722755,False,0.007894256268722755
2026-05-15,SPY,739.1699829101562,-0.012029351892724582,False,-0.012029351892724582
2026-05-18,SPY,738.6500244140625,-0.0007034356211904624,False,-0.0007034356211904624
2026-05-19,SPY,733.72998046875,-0.006660859382243145,False,-0.006660859382243145
2026-05-20,SPY,741.25,0.010249028568310337,False,0.010249028568310337
2026-05-21,SPY,742.719970703125,0.0019830970699832307,False,0.0019830970699832307
2026-05-22,SPY,745.6400146484375,0.00393155436839554,False,0.00393155436839554
2026-05-26,SPY,750.5900268554688,0.0066386085909901915,False,0.0066386085909901915
2026-05-27,SPY,750.4600219726562,-0.0001732035840619206,False,-0.0001732035840619206
2026-05-28,SPY,754.5999755859375,0.0055165545026623075,False,0.0055165545026623075
2026-05-29,SPY,756.47998046875,0.002491392716190699,False,0.002491392716190699
2026-06-01,SPY,758.5399780273438,0.00272313559086812,False,0.00272313559086812
2026-06-02,SPY,759.5700073242188,0.0013579103629497435,False,0.0013579103629497435
2026-06-03,SPY,754.239990234375,-0.007017150543661033,False,-0.007017150543661033
2026-06-04,SPY,757.0900268554688,0.003778686701839007,False,0.003778686701839007
2026-06-05,SPY,737.5499877929688,-0.0258093996346227,True,-0.01426622845906545
2026-06-08,SPY,739.219970703125,0.0022642301373410056,False,0.0022642301373410056
2026-06-09,SPY,737.0499877929688,-0.002935503633772485,False,-0.002935503633772485
2026-06-10,SPY,725.4299926757812,-0.015765545498457323,False,-0.01426622845906545
2026-06-11,SPY,737.760009765625,0.016996839411566045,False,0.014088401362299068
2026-06-12,SPY,741.75,0.005408249541260179,False,0.005408249541260179
2026-06-15,SPY,754.8300170898438,0.017633996750716197,False,0.014088401362299068
2026-06-16,SPY,750.3300170898438,-0.005961607114339795,False,-0.005961607114339795
2026-06-17,SPY,740.9600219726562,-0.012487831892330603,False,-0.012487831892330603
2026-06-18,SPY,746.739990234375,0.007800647930141791,False,0.007800647930141791
2026-06-22,SPY,744.3900146484375,-0.003146979693962715,False,-0.003146979693962715
2026-06-23,SPY,733.5800170898438,-0.014521954010491611,False,-0.01426622845906545
2026-06-24,SPY,733.239990234375,-0.0004635170636431152,False,-0.0004635170636431152
2026-06-25,SPY,734.2999877929688,0.0014456352254532678,False,0.0014456352254532678
2026-06-26,SPY,728.989990234375,-0.007231373616869652,False,-0.007231373616869652
2026-06-29,SPY,741.0,0.016474862380159383,False,0.014088401362299068
2026-06-30,SPY,746.77001953125,0.007786800986842035,False,0.007786800986842035
2026-07-01,SPY,745.760009765625,-0.001352504438058455,False,-0.001352504438058455
2026-07-02,SPY,744.780029296875,-0.001314069480687241,False,-0.001314069480687241
2026-07-06,SPY,751.280029296875,0.008727409093039817,False,0.008727409093039817
2026-07-07,SPY,747.7100219726562,-0.004751899671231685,False,-0.004751899671231685
2026-07-08,SPY,745.4000244140625,-0.0030894297130047432,False,-0.0030894297130047432
2026-07-09,SPY,751.7100219726562,0.00846525000257925,False,0.00846525000257925
2026-07-10,SPY,754.9500122070312,0.0043101596888019955,False,0.0043101596888019955
2026-07-13,SPY,749.1699829101562,-0.007656174850540931,False,-0.007656174850540931
2026-07-14,SPY,751.8300170898438,0.00355064169730146,False,0.00355064169730146
2026-07-15,SPY,754.8099975585938,0.003963635929681075,False,0.003963635929681075
2026-07-16,SPY,750.719970703125,-0.005418617756386079,False,-0.005418617756386079
2026-07-17,SPY,743.2899780273438,-0.009897156017872222,False,-0.009897156017872222
2026-07-20,SPY,742.0900268554688,-0.0016143782471810253,False,-0.0016143782471810253
2026-07-21,SPY,748.280029296875,0.008341309298597777,False,0.008341309298597777
2026-07-22,SPY,747.4099731445312,-0.0011627413779321527,False,-0.0011627413779321527
2026-07-23,SPY,738.1799926757812,-0.012349287272575782,False,-0.012349287272575782
2026-07-24,SPY,738.9299926757812,0.0010160123647910968,False,0.0010160123647910968
2026-07-27,SPY,739.0900268554688,0.0002165755636849287,False,0.0002165755636849287
2026-07-28,SPY,740.8599853515625,0.002394780651586048,False,0.002394780651586048
2026-07-29,SPY,729.4600219726562,-0.015387473482586067,False,-0.01426622845906545
2026-07-30,SPY,741.6900024414062,0.01676579949601198,False,0.014088401362299068
2026-07-31,SPY,747.030029296875,0.007199809675054292,False,0.007199809675054292
2026-08-03,SPY,757.6699829101562,0.01424300656734756,False,0.014088401362299068
2026-08-04,SPY,771.3300170898438,0.018029002715958642,False,0.014088401362299068
2026-08-05,SPY,769.7899780273438,-0.0019966020100066206,False,-0.0019966020100066206
2026-08-06,SPY,768.5599975585938,-0.001597813044932006,False,-0.001597813044932006
2026-08-07,SPY,773.260009765625,0.006115348472417681,False,0.006115348472417681
2026-08-10,SPY,773.030029296875,-0.00029741673673222557,False,-0.00029741673673222557
2026-08-11,SPY,770.5599975585938,-0.0031952597501651026,False,-0.0031952597501651026
2026-08-12,SPY,772.489990234375,0.0025046624297864195,False,0.0025046624297864195
2026-08-13,SPY,777.8800048828125,0.006977455651952402,False,0.006977455651952402
2026-08-14,SPY,776.3400268554688,-0.0019797115463531245,False,-0.0019797115463531245
2026-08-17,SPY,772.6699829101562,-0.004727366641364417,False,-0.004727366641364417
2026-08-18,SPY,767.4500122070312,-0.006755757074274671,False,-0.006755757074274671
2026-08-19,SPY,769.0599975585938,0.00209783741736147,False,0.00209783741736147
2026-08-20,SPY,762.780029296875,-0.00816577156743914,False,-0.00816577156743914
2025-08-22,TLT,87.05000305175781,0.0074065427904741465,False,0.0074065427904741465
2025-08-25,TLT,86.80000305175781,-0.002871912593171988,False,-0.002871912593171988
2025-08-26,TLT,86.75,-0.0005760720046057433,False,-0.0005760720046057433
2025-08-27,TLT,86.6500015258789,-0.0011527201627792305,False,-0.0011527201627792305
2025-08-28,TLT,87.22000122070312,0.006578184475322546,False,0.006578184475322546
2025-08-29,TLT,86.5999984741211,-0.007108492752862516,False,-0.007108492752862516
2025-09-02,TLT,85.62999725341797,-0.01120093808076672,False,-0.010371660248037462
2025-09-03,TLT,86.56999969482422,0.010977490033362347,False,0.009427795985028756
2025-09-04,TLT,87.2300033569336,0.007623930512140609,False,0.007623930512140609
2025-09-05,TLT,88.55999755859375,0.015246980975318847,False,0.009427795985028756
2025-09-08,TLT,89.73999786376953,0.013324303722965336,False,0.009427795985028756
2025-09-09,TLT,89.2300033569336,-0.005683023389527309,False,-0.005683023389527309
2025-09-10,TLT,89.73999786376953,0.005715504736628629,False,0.005715504736628629
2025-09-11,TLT,90.33999633789062,0.006685964880809525,False,0.006685964880809525
2025-09-12,TLT,89.94999694824219,-0.004317017992670258,False,-0.004317017992670258
2025-09-15,TLT,90.16000366210938,0.002334705069395593,False,0.002334705069395593
2025-09-16,TLT,90.3499984741211,0.0021073070573927044,False,0.0021073070573927044
2025-09-17,TLT,90.12000274658205,-0.002545608538166433,False,-0.002545608538166433
2025-09-18,TLT,89.19000244140625,-0.010319576973282674,False,-0.010319576973282674
2025-09-19,TLT,89.0199966430664,-0.0019061082373165172,False,-0.0019061082373165172
2025-09-22,TLT,88.69999694824219,-0.0035946945280989073,False,-0.0035946945280989073
2025-09-23,TLT,89.31999969482422,0.006989884643894717,False,0.006989884643894717
2025-09-24,TLT,88.9800033569336,-0.00380649730242133,False,-0.00380649730242133
2025-09-25,TLT,88.9800033569336,0.0,False,0.0
2025-09-26,TLT,88.9000015258789,-0.0008990989889466894,False,-0.0008990989889466894
2025-09-29,TLT,89.62999725341797,0.00821142536568531,False,0.00821142536568531
2025-09-30,TLT,89.37000274658203,-0.002900753261219413,False,-0.002900753261219413
2025-10-01,TLT,89.29000091552734,-0.0008951754346649965,False,-0.0008951754346649965
2025-10-02,TLT,89.55000305175781,0.0029118841254849315,False,0.0029118841254849315
2025-10-03,TLT,89.37999725341797,-0.00189844547790341,False,-0.00189844547790341
2025-10-06,TLT,88.66999816894531,-0.007943601547218737,False,-0.007943601547218737
2025-10-07,TLT,89.18000030517578,0.005751687681990747,False,0.005751687681990747
2025-10-08,TLT,89.25,0.0007849259316514701,False,0.0007849259316514701
2025-10-09,TLT,89.18000030517578,-0.0007843103061536683,False,-0.0007843103061536683
2025-10-10,TLT,90.62000274658205,0.01614714550884222,False,0.009427795985028756
2025-10-13,TLT,90.56999969482422,-0.0005517882392661599,False,-0.0005517882392661599
2025-10-14,TLT,90.86000061035156,0.0032019533676106438,False,0.0032019533676106438
2025-10-15,TLT,90.66000366210938,-0.002201155039607161,False,-0.002201155039607161
2025-10-16,TLT,91.33999633789062,0.007500470420402694,False,0.007500470420402694
2025-10-17,TLT,91.1999969482422,-0.0015327282161313738,False,-0.0015327282161313738
2025-10-20,TLT,91.5500030517578,0.003837786351179817,False,0.003837786351179817
2025-10-21,TLT,92.0,0.0049153133068471355,False,0.0049153133068471355
2025-10-22,TLT,92.05999755859376,0.0006521473760192631,False,0.0006521473760192631
2025-10-23,TLT,91.43000030517578,-0.0068433333709031485,False,-0.0068433333709031485
2025-10-24,TLT,91.47000122070312,0.0004375031761327808,False,0.0004375031761327808
2025-10-27,TLT,91.77999877929688,0.0033890625828874033,False,0.0033890625828874033
2025-10-28,TLT,92.0199966430664,0.002614925549810243,False,0.002614925549810243
2025-10-29,TLT,91.08999633789062,-0.010106502272360762,False,-0.010106502272360762
2025-10-30,TLT,90.55999755859376,-0.005818408174382617,False,-0.005818408174382617
2025-10-31,TLT,90.29000091552734,-0.0029814117750138758,False,-0.0029814117750138758
2025-11-03,TLT,89.73999786376953,-0.006091516736968283,False,-0.006091516736968283
2025-11-04,TLT,89.94000244140625,0.0022287116380406147,False,0.0022287116380406147
2025-11-05,TLT,88.95999908447266,-0.01089619001925246,False,-0.010371660248037462
2025-11-06,TLT,89.76000213623047,0.008992840152776571,False,0.008992840152776571
2025-11-07,TLT,89.56999969482422,-0.0021167829421158135,False,-0.0021167829421158135
2025-11-10,TLT,89.55000305175781,-0.00022325157010760766,False,-0.00022325157010760766
2025-11-11,TLT,89.95999908447266,0.004578403336043202,False,0.004578403336043202
2025-11-12,TLT,90.12000274658205,0.0017786089788545123,False,0.0017786089788545123
2025-11-13,TLT,89.37999725341797,-0.008211334560707662,False,-0.008211334560707662
2025-11-14,TLT,88.87000274658203,-0.005705913207738833,False,-0.005705913207738833
2025-11-17,TLT,89.08999633789062,0.002475453859677623,False,0.002475453859677623
2025-11-18,TLT,89.05999755859375,-0.0003367244419126836,False,-0.0003367244419126836
2025-11-19,TLT,88.87999725341797,-0.0020211128465095207,False,-0.0020211128465095207
2025-11-20,TLT,89.2300033569336,0.003937962582488241,False,0.003937962582488241
2025-11-21,TLT,89.5,0.0030258504192404168,False,0.0030258504192404168
2025-11-24,TLT,90.01000213623047,0.005698347890843225,False,0.005698347890843225
2025-11-25,TLT,90.23999786376952,0.002555224109326737,False,0.002555224109326737
2025-11-26,TLT,90.63999938964844,0.0044326411275272815,False,0.0044326411275272815
2025-11-28,TLT,90.20999908447266,-0.004744045764246696,False,-0.004744045764246696
2025-12-01,TLT,88.7699966430664,-0.01596278080058322,False,-0.010371660248037462
2025-12-02,TLT,88.80999755859375,0.000450613011603318,False,0.000450613011603318
2025-12-03,TLT,89.05999755859375,0.0028149983883858365,False,0.0028149983883858365
2025-12-04,TLT,88.58000183105469,-0.0053895771468359666,False,-0.0053895771468359666
2025-12-05,TLT,88.16999816894531,-0.004628625577264733,False,-0.004628625577264733
2025-12-08,TLT,87.87999725341797,-0.003289111053077942,False,-0.003289111053077942
2025-12-09,TLT,87.97000122070312,0.0010241689815444488,False,0.0010241689815444488
2025-12-10,TLT,88.30999755859375,0.003864912278875865,False,0.003864912278875865
2025-12-11,TLT,88.19000244140625,-0.0013587942532541364,False,-0.0013587942532541364
2025-12-12,TLT,87.33999633789062,-0.009638349926119671,False,-0.009638349926119671
2025-12-15,TLT,87.4000015258789,0.0006870298889884996,False,0.0006870298889884996
2025-12-16,TLT,87.87999725341797,0.0054919418668080144,False,0.0054919418668080144
2025-12-17,TLT,87.80000305175781,-0.0009102663195297289,False,-0.0009102663195297289
2025-12-18,TLT,88.22000122070312,0.0047835780677334405,False,0.0047835780677334405
2025-12-19,TLT,87.55000305175781,-0.007594628878650256,False,-0.007594628878650256
2025-12-22,TLT,87.36000061035156,-0.002170216273937986,False,-0.002170216273937986
2025-12-23,TLT,87.5,0.0016025571047426634,False,0.0016025571047426634
2025-12-24,TLT,88.02999877929688,0.006057128906250098,False,0.006057128906250098
2025-12-26,TLT,87.73999786376953,-0.0032943419237618787,False,-0.0032943419237618787
2025-12-29,TLT,88.06999969482422,0.003761133338150646,False,0.003761133338150646
2025-12-30,TLT,87.86000061035156,-0.0023844565141403207,False,-0.0023844565141403207
2025-12-31,TLT,87.16000366210938,-0.007967185788520403,False,-0.007967185788520403
2026-01-02,TLT,87.02999877929688,-0.0014915658254959219,False,-0.0014915658254959219
2026-01-05,TLT,87.45999908447266,0.004940828578732237,False,0.004940828578732237
2026-01-06,TLT,87.27999877929688,-0.0020580872062658795,False,-0.0020580872062658795
2026-01-07,TLT,87.79000091552734,0.005843287618737314,False,0.005843287618737314
2026-01-08,TLT,87.3499984741211,-0.005011988117298527,False,-0.005011988117298527
2026-01-09,TLT,87.93000030517578,0.006639975285477773,False,0.006639975285477773
2026-01-12,TLT,87.66999816894531,-0.0029569218165368394,False,-0.0029569218165368394
2026-01-13,TLT,87.81999969482422,0.0017109790009330883,False,0.0017109790009330883
2026-01-14,TLT,88.33000183105469,0.005807357526790513,False,0.005807357526790513
2026-01-15,TLT,88.30999755859375,-0.0002264720032407741,False,-0.0002264720032407741
2026-01-16,TLT,87.80000305175781,-0.005775048362984703,False,-0.005775048362984703
2026-01-20,TLT,86.6500015258789,-0.013097966809875627,False,-0.010371660248037462
2026-01-21,TLT,87.30999755859375,0.00761680347481275,False,0.00761680347481275
2026-01-22,TLT,87.69000244140625,0.004352363915226087,False,0.004352363915226087
2026-01-23,TLT,87.93000030517578,0.0027368896919566232,False,0.0027368896919566232
2026-01-26,TLT,88.3499984741211,0.004776505942086118,False,0.004776505942086118
2026-01-27,TLT,87.80000305175781,-0.006225188815644156,False,-0.006225188815644156
2026-01-28,TLT,87.5999984741211,-0.0022779563859333107,False,-0.0022779563859333107
2026-01-29,TLT,87.62000274658203,0.00022835927864606198,False,0.00022835927864606198
2026-01-30,TLT,87.12999725341797,-0.005592393035883325,False,-0.005592393035883325
2026-02-02,TLT,86.55000305175781,-0.006656653505603183,False,-0.006656653505603183
2026-02-03,TLT,86.76000213623047,0.002426332490676808,False,0.002426332490676808
2026-02-04,TLT,86.54000091552734,-0.0025357447589463566,False,-0.0025357447589463566
2026-02-05,TLT,87.4800033569336,0.010862057215873966,False,0.009427795985028756
2026-02-06,TLT,87.54000091552734,0.000685843121758456,False,0.000685843121758456
2026-02-09,TLT,87.5199966430664,-0.00022851578994431687,False,-0.00022851578994431687
2026-02-10,TLT,88.52999877929688,0.011540244229550911,False,0.009427795985028756
2026-02-11,TLT,88.05999755859375,-0.005308948686137738,False,-0.005308948686137738
2026-02-12,TLT,89.2300033569336,0.013286461853026177,False,0.009427795985028756
2026-02-13,TLT,89.72000122070312,0.005491402502916687,False,0.005491402502916687
2026-02-17,TLT,89.87000274658203,0.0016718850182571021,False,0.0016718850182571021
2026-02-18,TLT,89.52999877929688,-0.0037832864904200347,False,-0.0037832864904200347
2026-02-19,TLT,89.62000274658203,0.0010052939630551538,False,0.0010052939630551538
2026-02-20,TLT,89.41000366210938,-0.002343216670796955,False,-0.002343216670796955
2026-02-23,TLT,89.73999786376953,0.0036907973173476716,False,0.0036907973173476716
2026-02-24,TLT,89.9000015258789,0.0017829693104325361,False,0.0017829693104325361
2026-02-25,TLT,89.91000366210938,0.00011125846563619923,False,0.00011125846563619923
2026-02-26,TLT,90.2699966430664,0.0040039257734869604,False,0.0040039257734869604
2026-02-27,TLT,90.81999969482422,0.006092866646850048,False,0.006092866646850048
2026-03-02,TLT,89.61000061035156,-0.013323046559552187,False,-0.010371660248037462
2026-03-03,TLT,89.43000030517578,-0.0020087077775891027,False,-0.0020087077775891027
2026-03-04,TLT,89.1500015258789,-0.003130926739812079,False,-0.003130926739812079
2026-03-05,TLT,88.79000091552734,-0.004038144746941641,False,-0.004038144746941641
2026-03-06,TLT,88.45999908447266,-0.003716655340150754,False,-0.003716655340150754
2026-03-09,TLT,89.2300033569336,0.008704547596995127,False,0.008704547596995127
2026-03-10,TLT,88.27999877929688,-0.010646694406550195,False,-0.010371660248037462
2026-03-11,TLT,87.13999938964844,-0.01291345044644232,False,-0.010371660248037462
2026-03-12,TLT,86.97000122070312,-0.0019508626364014292,False,-0.0019508626364014292
2026-03-13,TLT,86.54000091552734,-0.004944237083365888,False,-0.004944237083365888
2026-03-16,TLT,87.20999908447266,0.0077420633447797815,False,0.0077420633447797815
2026-03-17,TLT,87.44999694824219,0.0027519535178193166,False,0.0027519535178193166
2026-03-18,TLT,86.95999908447266,-0.005603177597130582,False,-0.005603177597130582
2026-03-19,TLT,87.48999786376953,0.006094742236393502,False,0.006094742236393502
2026-03-20,TLT,85.83000183105469,-0.018973552100202573,True,-0.010371660248037462
2026-03-23,TLT,86.38999938964844,0.006524496640417654,False,0.006524496640417654
2026-03-24,TLT,86.01000213623047,-0.004398625490249719,False,-0.004398625490249719
2026-03-25,TLT,86.83999633789062,0.009649973038548865,False,0.009427795985028756
2026-03-26,TLT,86.11000061035156,-0.008406215549557117,False,-0.008406215549557117
2026-03-27,TLT,85.63999938964844,-0.005458149081079222,False,-0.005458149081079222
2026-03-30,TLT,86.77999877929688,0.01331152963303528,False,0.009427795985028756
2026-03-31,TLT,86.69000244140625,-0.0010370631384716278,False,-0.0010370631384716278
2026-04-01,TLT,86.26000213623047,-0.00496020640288275,False,-0.00496020640288275
2026-04-02,TLT,86.79000091552734,0.006144200859859117,False,0.006144200859859117
2026-04-06,TLT,86.6500015258789,-0.001613082016034273,False,-0.001613082016034273
2026-04-07,TLT,86.63999938964844,-0.00011543146052317432,False,-0.00011543146052317432
2026-04-08,TLT,86.91999816894531,0.003231749552970564,False,0.003231749552970564
2026-04-09,TLT,86.69999694824219,-0.0025310771437835333,False,-0.0025310771437835333
2026-04-10,TLT,86.48999786376953,-0.0024221348542609045,False,-0.0024221348542609045
2026-04-13,TLT,86.75,0.0030061526494657986,False,0.0030061526494657986
2026-04-14,TLT,87.20999908447266,0.00530258310631293,False,0.00530258310631293
2026-04-15,TLT,86.83000183105469,-0.004357267026799283,False,-0.004357267026799283
2026-04-16,TLT,86.27999877929688,-0.00633425129747156,False,-0.00633425129747156
2026-04-17,TLT,87.06999969482422,0.009156246252948641,False,0.009156246252948641
2026-04-20,TLT,87.05000305175781,-0.00022966168756743954,False,-0.00022966168756743954
2026-04-21,TLT,86.56999969482422,-0.0055141107421695645,False,-0.0055141107421695645
2026-04-22,TLT,86.73999786376953,0.0019637076301788348,False,0.0019637076301788348
2026-04-23,TLT,86.55000305175781,-0.002190394474186119,False,-0.002190394474186119
2026-04-24,TLT,86.70999908447266,0.0018485964999812587,False,0.0018485964999812587
2026-04-27,TLT,86.27999877929688,-0.004959062503931966,False,-0.004959062503931966
2026-04-28,TLT,86.37000274658203,0.0010431614343828777,False,0.0010431614343828777
2026-04-29,TLT,85.69999694824219,-0.007757390031649103,False,-0.007757390031649103
2026-04-30,TLT,85.62000274658203,-0.0009334212894834826,False,-0.0009334212894834826
2026-05-01,TLT,85.61000061035156,-0.00011682008770863561,False,-0.00011682008770863561
2026-05-04,TLT,84.95999908447266,-0.007592588730811367,False,-0.007592588730811367
2026-05-05,TLT,85.43000030517578,0.005532029493501067,False,0.005532029493501067
2026-05-06,TLT,86.08000183105469,0.007608586252568772,False,0.007608586252568772
2026-05-07,TLT,85.6500015258789,-0.004995356598849976,False,-0.004995356598849976
2026-05-08,TLT,86.08000183105469,0.005020435464275552,False,0.005020435464275552
2026-05-11,TLT,85.55999755859375,-0.006040941698415958,False,-0.006040941698415958
2026-05-12,TLT,84.98999786376953,-0.006661988208144454,False,-0.006661988208144454
2026-05-13,TLT,84.80000305175781,-0.002235496138219273,False,-0.002235496138219273
2026-05-14,TLT,84.91999816894531,0.001415036708362516,False,0.001415036708362516
2026-05-15,TLT,83.66000366210938,-0.014837429745691022,False,-0.010371660248037462
2026-05-18,TLT,83.55999755859375,-0.0011953872715513292,False,-0.0011953872715513292
2026-05-19,TLT,83.0199966430664,-0.0064624333569264225,False,-0.0064624333569264225
2026-05-20,TLT,83.91000366210938,0.010720393339323175,False,0.009427795985028756
2026-05-21,TLT,84.22000122070312,0.0036944052563989693,False,0.0036944052563989693
2026-05-22,TLT,84.68000030517578,0.005461874588047033,False,0.005461874588047033
2026-05-26,TLT,85.0999984741211,0.004959827201602485,False,0.004959827201602485
2026-05-27,TLT,85.30000305175781,0.002350230096626049,False,0.002350230096626049
2026-05-28,TLT,85.73999786376953,0.005158203942205564,False,0.005158203942205564
2026-05-29,TLT,85.76000213623047,0.00023331319056851818,False,0.00023331319056851818
2026-06-01,TLT,85.47000122070312,-0.003381540441972919,False,-0.003381540441972919
2026-06-02,TLT,85.6500015258789,0.0021060056464838883,False,0.0021060056464838883
2026-06-03,TLT,85.30999755859375,-0.003969690148603489,False,-0.003969690148603489
2026-06-04,TLT,85.5,0.002227200173997801,False,0.002227200173997801
2026-06-05,TLT,85.05999755859375,-0.005146227384868474,False,-0.005146227384868474
2026-06-08,TLT,84.62000274658203,-0.005172758342822936,False,-0.005172758342822936
2026-06-09,TLT,85.12000274658203,0.005908768420835209,False,0.005908768420835209
2026-06-10,TLT,84.87999725341797,-0.0028196133155516945,False,-0.0028196133155516945
2026-06-11,TLT,85.9800033569336,0.012959544522974431,False,0.009427795985028756
2026-06-12,TLT,85.7699966430664,-0.0024425064627571214,False,-0.0024425064627571214
2026-06-15,TLT,85.72000122070312,-0.0005829010647083743,False,-0.0005829010647083743
2026-06-16,TLT,86.19000244140625,0.005482981964652689,False,0.005482981964652689
2026-06-17,TLT,86.33000183105469,0.0016243112389235925,False,0.0016243112389235925
2026-06-18,TLT,86.75,0.004865031391604102,False,0.004865031391604102
2026-06-22,TLT,86.08999633789062,-0.007608111378782367,False,-0.007608111378782367
2026-06-23,TLT,86.19999694824219,0.0012777397494574405,False,0.0012777397494574405
2026-06-24,TLT,87.37999725341797,0.01368909915257066,False,0.009427795985028756
2026-06-25,TLT,87.3499984741211,-0.000343314033415143,False,-0.000343314033415143
2026-06-26,TLT,87.36000061035156,0.00011450642707711012,False,0.00011450642707711012
2026-06-29,TLT,87.44999694824219,0.0010301778532721961,False,0.0010301778532721961
2026-06-30,TLT,86.41999816894531,-0.011778145400124895,False,-0.010371660248037462
2026-07-01,TLT,85.5199966430664,-0.010414273836473198,False,-0.010371660248037462
2026-07-02,TLT,85.51000213623047,-0.00011686748395989266,False,-0.00011686748395989266
2026-07-06,TLT,85.44999694824219,-0.0007017329726256571,False,-0.0007017329726256571
2026-07-07,TLT,84.55000305175781,-0.010532404079891422,False,-0.010371660248037462
2026-07-08,TLT,84.36000061035156,-0.0022472198054201975,False,-0.0022472198054201975
2026-07-09,TLT,84.48999786376953,0.001540982129888846,False,0.001540982129888846
2026-07-10,TLT,84.47000122070312,-0.0002366746783287743,False,-0.0002366746783287743
2026-07-13,TLT,83.97000122070312,-0.005919261190651559,False,-0.005919261190651559
2026-07-14,TLT,84.08000183105469,0.0013099989133313894,False,0.0013099989133313894
2026-07-15,TLT,84.23999786376953,0.001902902345748414,False,0.001902902345748414
2026-07-16,TLT,84.20999908447266,-0.000356110874378035,False,-0.000356110874378035
2026-07-17,TLT,84.5199966430664,0.003681244056098265,False,0.003681244056098265
2026-07-20,TLT,83.88999938964844,-0.0074538248750587455,False,-0.0074538248750587455
2026-07-21,TLT,83.66000366210938,-0.002741634631212575,False,-0.002741634631212575
2026-07-22,TLT,83.44000244140625,-0.0026297060850209997,False,-0.0026297060850209997
2026-07-23,TLT,83.16999816894531,-0.003235909210939192,False,-0.003235909210939192
2026-07-24,TLT,83.25,0.0009619073321629479,False,0.0009619073321629479
2026-07-27,TLT,83.75,0.006006006006006093,False,0.006006006006006093
2026-07-28,TLT,84.23999786376953,0.0058507207614273415,False,0.0058507207614273415
2026-07-29,TLT,82.8499984741211,-0.016500468006852342,False,-0.010371660248037462
2026-07-30,TLT,82.80000305175781,-0.0006034450607611541,False,-0.0006034450607611541
2026-07-31,TLT,82.25,-0.006642548689448802,False,-0.006642548689448802
2026-08-03,TLT,82.19000244140625,-0.0007294535999240459,False,-0.0007294535999240459
2026-08-04,TLT,82.81999969482422,0.007665132433438027,False,0.007665132433438027
2026-08-05,TLT,83.0,0.0021733917633306454,False,0.0021733917633306454
2026-08-06,TLT,82.5199966430664,-0.0057831729751035565,False,-0.0057831729751035565
2026-08-07,TLT,82.76000213623047,0.0029084525318412435,False,0.0029084525318412435
2026-08-10,TLT,82.05999755859375,-0.008458247457321821,False,-0.008458247457321821
2026-08-11,TLT,82.19000244140625,0.0015842662281297937,False,0.0015842662281297937
2026-08-12,TLT,82.11000061035156,-0.0009733766720803061,False,-0.0009733766720803061
2026-08-13,TLT,82.58999633789062,0.00584576451066976,False,0.00584576451066976
2026-08-14,TLT,82.04000091552734,-0.006659346733872584,False,-0.006659346733872584
2026-08-17,TLT,81.3499984741211,-0.008410561112946802,False,-0.008410561112946802
2026-08-18,TLT,81.66000366210938,0.0038107583749604768,False,0.0038107583749604768
2026-08-19,TLT,83.0199966430664,0.016654334067683463,False,0.009427795985028756
2026-08-20,TLT,82.33999633789062,-0.008190801405345227,False,-0.008190801405345227
